fips,popestimate17
1001,55390
1003,212521
1005,25157
1007,22550
1009,57787
1011,10176
1013,19888
1015,114710
1017,33707
1019,25805
1021,44120
1023,12925
1025,24063
1027,13350
1029,14899
1031,51853
1033,54695
1035,12431
1037,10724
1039,37062
1041,13858
1043,82867
1045,49342
1047,39238
1049,71437
1051,81422
1053,36993
1055,103007
1057,16466
1059,31542
1061,26385
1063,8310
1065,14801
1067,17115
1069,104378
1071,51828
1073,659599
1075,13882
1077,92564
1079,33063
1081,161440
1083,94130
1085,10097
1087,18793
1089,361762
1091,19396
1093,29792
1095,95572
1097,414045
1099,21290
1101,227265
1103,118918
1105,9302
1107,20204
1109,33349
1111,22687
1113,56985
1115,87926
1117,213633
1119,12749
1121,80142
1123,40613
1125,207618
1127,63895
1129,16522
1131,10691
1133,23760
2013,3455
2016,5729
2020,294338
2050,18090
2060,869
2068,2084
2070,4940
2090,99675
2100,2524
2105,2139
2110,32098
2122,58558
2130,13834
2150,13512
2158,8236
2164,1612
2170,106232
2180,10025
2185,9795
2188,7795
2195,3264
2198,6444
2220,8641
2230,1167
2240,6892
2261,9220
2275,2521
2282,602
2290,5409
4001,71545
4003,124864
4005,141001
4007,53578
4009,37481
4011,9443
4012,20706
4013,4327184
4015,207017
4017,109079
4019,1026391
4021,431564
4023,46566
4025,228082
4027,209507
5001,17872
5003,20311
5005,41308
5007,266585
5009,37459
5011,10813
5013,5201
5015,27865
5017,10647
5019,22184
5021,14865
5023,25059
5025,8162
5027,23695
5029,20810
5031,107188
5033,62894
5035,48716
5037,16792
5039,7307
5041,11743
5043,18370
5045,123530
5047,17809
5049,12131
5051,98327
5053,18103
5055,44993
5057,21876
5059,33606
5061,13365
5063,37391
5065,13666
5067,17017
5069,69238
5071,26401
5073,6797
5075,16571
5077,9127
5079,13475
5081,12373
5083,21739
5085,72778
5087,16299
5089,16429
5091,43736
5093,42112
5095,7013
5097,8890
5099,8309
5101,7815
5103,23817
5105,10346
5107,18599
5109,10735
5111,24071
5113,20147
5115,63634
5117,8248
5119,393280
5121,17665
5123,25997
5125,119520
5127,10369
5129,7927
5131,127786
5133,17103
5135,17147
5137,12520
5139,39460
5141,16552
5143,232732
5145,78844
5147,6575
5149,21509
6001,1660196
6003,1111
6005,38529
6007,228696
6009,45681
6011,21579
6013,1145535
6015,27351
6017,188679
6019,985238
6021,27926
6023,136507
6025,181649
6027,17868
6029,887356
6031,149665
6033,64111
6035,30920
6037,10103711
6039,155423
6041,259749
6043,17414
6045,87576
6047,271096
6049,8876
6051,14354
6053,434534
6055,139878
6057,99367
6059,3174289
6061,385115
6063,18660
6065,2414964
6067,1527301
6069,60164
6071,2150945
6073,3321237
6075,878040
6077,743296
6079,282481
6081,768901
6083,445298
6085,1932510
6087,274856
6089,179384
6091,3002
6093,43622
6095,443511
6097,502469
6099,544717
6101,96204
6103,63847
6105,12726
6107,462308
6109,53976
6111,849044
6113,218477
6115,76578
8001,503590
8003,16108
8005,644478
8007,13295
8009,3554
8011,5827
8013,322441
8014,68263
8015,19666
8017,1853
8019,9574
8021,8139
8023,3756
8025,5840
8027,4857
8029,30519
8031,704961
8033,2045
8035,335816
8037,54929
8039,25765
8041,700099
8043,47548
8045,59032
8047,6018
8049,15364
8051,16863
8053,791
8055,6628
8057,1375
8059,575417
8061,1365
8063,7137
8065,7750
8067,55563
8069,344084
8071,14201
8073,5523
8075,22317
8077,151170
8079,753
8081,13088
8083,26112
8085,41753
8087,28295
8089,18345
8091,4813
8093,17894
8095,4288
8097,17973
8099,11998
8101,166283
8103,6352
8105,11297
8107,25171
8109,6633
8111,712
8113,8034
8115,2311
8117,30820
8119,24674
8121,4921
8123,305885
8125,9959
9001,943038
9003,893076
9005,181667
9007,162942
9009,857748
9011,267419
9013,151009
9015,116398
10001,176499
10003,555976
10005,224348
11001,694906
12001,266309
12003,28254
12005,184736
12007,27142
12009,587769
12011,1934516
12013,14428
12015,181522
12017,145415
12019,212228
12021,372678
12023,69999
12027,37241
12029,16615
12031,937933
12033,313249
12035,109999
12037,11724
12039,45993
12041,17900
12043,13580
12045,16105
12047,14364
12049,27154
12051,41018
12053,186704
12055,103852
12057,1426736
12059,19427
12061,154241
12063,48289
12065,14165
12067,8602
12069,345432
12071,740000
12073,290965
12075,40276
12077,8236
12079,18474
12081,385506
12083,353339
12085,159701
12086,2713295
12087,76483
12089,82925
12091,203478
12093,41275
12095,1355921
12097,353623
12099,1470344
12101,525141
12103,968341
12105,685368
12107,73384
12109,243693
12111,313163
12113,174049
12115,419680
12117,462801
12119,124995
12121,44124
12123,21781
12125,15448
12127,537868
12129,32050
12131,68021
12133,24546
13001,18438
13003,8182
13005,11205
13007,3159
13009,44963
13011,18628
13013,78899
13015,105098
13017,17037
13019,19108
13021,152840
13023,12764
13025,18832
13027,15617
13029,36999
13031,75991
13033,22545
13035,24067
13037,6389
13039,53005
13043,10706
13045,117390
13047,66495
13049,12810
13051,289309
13053,10205
13055,24746
13057,247763
13059,126815
13061,2955
13063,284184
13065,6643
13067,752649
13069,42880
13071,45480
13073,151529
13075,17213
13077,143153
13079,12263
13081,22710
13083,16254
13085,24406
13087,26706
13089,751176
13091,20749
13093,13691
13095,89457
13097,143376
13099,10317
13101,3914
13103,60086
13105,19102
13107,22533
13109,10741
13111,25332
13113,112553
13115,97500
13117,228940
13119,22864
13121,1038938
13123,30443
13125,3032
13127,84675
13129,57164
13131,24773
13133,17203
13135,918186
13137,44535
13139,198953
13141,8539
13143,29248
13145,33943
13147,25710
13149,11751
13151,225182
13153,153202
13155,9352
13157,67644
13159,13882
13161,15039
13163,15630
13165,8813
13167,9737
13169,28466
13171,18600
13173,10425
13175,47376
13177,29410
13179,61619
13181,7856
13183,18780
13185,115404
13187,32801
13189,21511
13191,14080
13193,13254
13195,29295
13197,8403
13199,21021
13201,5813
13205,22317
13207,27163
13209,9024
13211,18373
13213,39803
13215,193836
13217,107846
13219,38122
13221,14874
13223,159509
13225,26961
13227,31541
13229,19197
13231,18204
13233,41818
13235,11181
13237,21692
13239,2333
13241,16545
13243,6969
13245,201673
13247,89843
13249,5235
13251,13956
13253,8253
13255,65358
13257,25736
13259,6314
13261,29901
13263,6256
13265,1613
13267,25409
13269,8110
13271,15929
13273,8695
13275,44619
13277,40431
13279,26859
13281,11553
13283,6746
13285,70062
13287,7895
13289,8253
13291,23376
13293,26201
13295,68999
13297,91296
13299,35668
13301,5265
13303,20311
13305,29797
13307,2589
13309,7960
13311,29445
13313,104234
13315,8791
13317,9860
13319,8954
13321,20528
15001,199981
15003,986353
15005,86
15007,71827
15009,166146
16001,456548
16003,4127
16005,85482
16007,6023
16009,9157
16011,45884
16013,22373
16015,7347
16017,43654
16019,114488
16021,11965
16023,2585
16025,1096
16027,216858
16029,6973
16031,23650
16033,879
16035,8646
16037,4135
16039,26881
16041,13467
16043,13122
16045,17311
16047,15121
16049,16373
16051,28439
16053,23768
16055,157320
16057,39741
16059,7829
16061,3884
16063,5376
16065,39370
16067,20722
16069,40289
16071,4389
16073,11618
16075,23163
16077,7606
16079,12519
16081,11445
16083,85374
16085,10667
16087,10051
17001,66057
17003,6278
17005,16648
17007,53513
17009,6609
17011,33137
17013,4851
17015,14475
17017,12492
17019,210425
17021,33007
17023,15812
17025,13270
17027,37645
17029,51353
17031,5200821
17033,18975
17035,10880
17037,104309
17039,15906
17041,19629
17043,930265
17045,17390
17047,6448
17049,34123
17051,21514
17053,13298
17055,38995
17057,35104
17059,5071
17061,13156
17063,50622
17065,8181
17067,17958
17069,3922
17071,6819
17073,49219
17075,27777
17077,57904
17079,9523
17081,38045
17083,21912
17085,21495
17087,12399
17089,532272
17091,110540
17093,126152
17095,50577
17097,702475
17099,109622
17101,16027
17103,34540
17105,36124
17107,29034
17109,30373
17111,307815
17113,172754
17115,105399
17117,45505
17119,265251
17121,37726
17123,11668
17125,13677
17127,14291
17129,12293
17131,15608
17133,34179
17135,28781
17137,34245
17139,14701
17141,50993
17143,182525
17145,21281
17147,16422
17149,15668
17151,4183
17153,5520
17155,5694
17157,32297
17159,15837
17161,143828
17163,262600
17165,23963
17167,197072
17169,6948
17171,4983
17173,21774
17175,5457
17177,44997
17179,133489
17181,16968
17183,77689
17185,11523
17187,17144
17189,13963
17191,16412
17193,13903
17195,55955
17197,690479
17199,67049
17201,284681
17203,38670
18001,35385
18003,371723
18005,82213
18007,8631
18009,12028
18011,65723
18013,15010
18015,20067
18017,37828
18019,116545
18021,26167
18023,32195
18025,10535
18027,33136
18029,49564
18031,26620
18033,42806
18035,115246
18037,42538
18039,204194
18041,23154
18043,77006
18045,16419
18047,22694
18049,19995
18051,33721
18053,66305
18055,32172
18057,322933
18059,74998
18061,39777
18063,163622
18065,48170
18067,82210
18069,36222
18071,43955
18073,33424
18075,20883
18077,32013
18079,27652
18081,153820
18083,37044
18085,79026
18087,39248
18089,484601
18091,109842
18093,45592
18095,129418
18097,950537
18099,46433
18101,10181
18103,35864
18105,146638
18107,38343
18109,69793
18111,14027
18113,47329
18115,5854
18117,19423
18119,20791
18121,16907
18123,18978
18125,12315
18127,168495
18129,25569
18131,12529
18133,37363
18135,24907
18137,28428
18139,16643
18141,270057
18143,23793
18145,44367
18147,20440
18149,22935
18151,34384
18153,20700
18155,10686
18157,191199
18159,15137
18161,7159
18163,180954
18165,15503
18167,107569
18169,31380
18171,8204
18173,62401
18175,27771
18177,66179
18179,27958
18181,24163
18183,33722
19001,7051
19003,3657
19005,13803
19007,12353
19009,5550
19011,25656
19013,132238
19015,26443
19017,24823
19019,21126
19021,20144
19023,14592
19025,9729
19027,20274
19029,13144
19031,18490
19033,42999
19035,11307
19037,12002
19039,9396
19041,16141
19043,17648
19045,46874
19047,17076
19049,87208
19051,8969
19053,7947
19055,17143
19057,39326
19059,17141
19061,97066
19063,9422
19065,19687
19067,15767
19069,10160
19071,6930
19073,8954
19075,12298
19077,10645
19079,15032
19081,10756
19083,17073
19085,14107
19087,20044
19089,9229
19091,9569
19093,6869
19095,16133
19097,19382
19099,36995
19101,18219
19103,149325
19105,20618
19107,10141
19109,14939
19111,34216
19113,224379
19115,11195
19117,8533
19119,11785
19121,16000
19123,22211
19125,33091
19127,40078
19129,15060
19131,10563
19133,8724
19135,7798
19137,10112
19139,42872
19141,13774
19143,6021
19145,15213
19147,9052
19149,25060
19151,6833
19153,480487
19155,93416
19157,18334
19159,5024
19161,9803
19163,172448
19165,11574
19167,34781
19169,97278
19171,17029
19173,6095
19175,12459
19177,7155
19179,35022
19181,50078
19183,22204
19185,6492
19187,36637
19189,10573
19191,20129
19193,102132
19195,7455
19197,12765
20001,12555
20003,7833
20005,16298
20007,4570
20009,26394
20011,14609
20013,9609
20015,66845
20017,2651
20019,3315
20021,20129
20023,2684
20025,1995
20027,8006
20029,8912
20031,8228
20033,1759
20035,35297
20037,38925
20039,2863
20041,18829
20043,7657
20045,120281
20047,2873
20049,2514
20051,28735
20053,6284
20055,36720
20057,34218
20059,25631
20061,33774
20063,2622
20065,2485
20067,7490
20069,6018
20071,1226
20073,6067
20075,2616
20077,5580
20079,34373
20081,4019
20083,1863
20085,13332
20087,18932
20089,2857
20091,591305
20093,3935
20095,7275
20097,2486
20099,20129
20101,1548
20103,81109
20105,3043
20107,9697
20109,2814
20111,33257
20113,28687
20115,11945
20117,9687
20119,4230
20121,33429
20123,6137
20125,32390
20127,5467
20129,2747
20131,10060
20133,16094
20135,2856
20137,5421
20139,15842
20141,3539
20143,5817
20145,6665
20147,5370
20149,23916
20151,9500
20153,2473
20155,62714
20157,4654
20159,9563
20161,73977
20163,5055
20165,3048
20167,6930
20169,54508
20171,4928
20173,513176
20175,22245
20177,178056
20179,2526
20181,5936
20183,3615
20185,4186
20187,2055
20189,5551
20191,23117
20193,7821
20195,2843
20197,6832
20199,1515
20201,5479
20203,2121
20205,8707
20207,3130
20209,165087
21001,19287
21003,20903
21005,22545
21007,8018
21009,43746
21011,12381
21013,26863
21015,130952
21017,20092
21019,47808
21021,29972
21023,8285
21025,12929
21027,20131
21029,80269
21031,12778
21033,12666
21035,38832
21037,92878
21039,4788
21041,10714
21043,27214
21045,15818
21047,71024
21049,35899
21051,20251
21053,10212
21055,8999
21057,6710
21059,100461
21061,12226
21063,7493
21065,14178
21067,321964
21069,14439
21071,36296
21073,50492
21075,6163
21077,8720
21079,17449
21081,24973
21083,37190
21085,26286
21087,11036
21089,35514
21091,8778
21093,108161
21095,26676
21097,18735
21099,18745
21101,45867
21103,15972
21105,4518
21107,45293
21109,13422
21111,769828
21113,53259
21115,22606
21117,165608
21119,15244
21121,31444
21123,14196
21125,60317
21127,15756
21129,6602
21131,10310
21133,22303
21135,13363
21137,24495
21139,9249
21141,27003
21143,8261
21145,65364
21147,17372
21149,9216
21151,91170
21153,12519
21155,19276
21157,31318
21159,11492
21161,17192
21163,28033
21165,6465
21167,21542
21169,10093
21171,10597
21173,27913
21175,13230
21177,30925
21179,45591
21181,7160
21183,24116
21185,66557
21187,10794
21189,4402
21191,14602
21193,26586
21195,58905
21197,12297
21199,64314
21201,2120
21203,16778
21205,24514
21207,17723
21209,54782
21211,47209
21213,18046
21215,18619
21217,25544
21219,12177
21221,14418
21223,8521
21225,14620
21227,129074
21229,11880
21231,20628
21233,13012
21235,36074
21237,7248
21239,26385
22001,62559
22003,25583
22005,123177
22007,22568
22009,40836
22011,36847
22013,13631
22015,126959
22017,245935
22019,202466
22021,9959
22023,6944
22025,9830
22027,15953
22029,19846
22031,27267
22033,444511
22035,7111
22037,19380
22039,33663
22041,20256
22043,22296
22045,71982
22047,32906
22049,15898
22051,436126
22053,31480
22055,241756
22057,98123
22059,14887
22061,47471
22063,137712
22065,11342
22067,25655
22069,39042
22071,391493
22073,155841
22075,23348
22077,22164
22079,131253
22081,8527
22083,20413
22085,23909
22087,46110
22089,52620
22091,10322
22093,21380
22095,43328
22097,83535
22099,54066
22101,50708
22103,255921
22105,132353
22107,4574
22109,111823
22111,22398
22113,59936
22115,49789
22117,46649
22119,39264
22121,26184
22123,10974
22125,15371
22127,14350
23001,107399
23003,67609
23005,292181
23007,29799
23009,54539
23011,121913
23013,39759
23015,34215
23017,57534
23019,151645
23021,16804
23023,35436
23025,50351
23027,39772
23029,31374
23031,204282
24001,71352
24003,571339
24005,828645
24009,91435
24011,33096
24013,167547
24015,102394
24017,159450
24019,32105
24021,250622
24023,29242
24025,251858
24027,319251
24029,19442
24031,1046822
24033,909705
24035,49586
24037,112487
24039,25896
24041,37033
24043,150169
24045,102252
24047,51659
24510,610481
25001,213581
25003,126353
25005,560941
25007,17311
25009,784453
25011,70605
25013,467705
25015,161077
25017,1603943
25019,11205
25021,700599
25023,515461
25025,800806
25027,825749
26001,10309
26003,9144
26005,116368
26007,28428
26009,23270
26011,15014
26013,8441
26015,60682
26017,104045
26019,17624
26021,154128
26023,43375
26025,134180
26027,51481
26029,26212
26031,25454
26033,37679
26035,30565
26037,78506
26039,13906
26041,35890
26043,25424
26045,109456
26047,33081
26049,407488
26051,25241
26053,15340
26055,91791
26057,40979
26059,45820
26061,36198
26063,31306
26065,292018
26067,64284
26069,25128
26071,11105
26073,71077
26075,158563
26077,262998
26079,17571
26081,649278
26083,2085
26085,11981
26087,88122
26089,21645
26091,98427
26093,189869
26095,6370
26097,10768
26099,871364
26101,24393
26103,66493
26105,28996
26107,43258
26109,22981
26111,83314
26113,15020
26115,149449
26117,63527
26119,9233
26121,173645
26123,48320
26125,1256016
26127,26422
26129,20882
26131,5889
26133,23267
26135,8238
26137,24528
26139,286581
26141,12742
26143,23731
26145,191965
26147,159005
26149,60710
26151,41242
26153,8013
26155,68400
26157,52815
26159,75303
26161,368807
26163,1757217
26165,33234
27001,15792
27003,350203
27005,34082
27007,46477
27009,40135
27011,5004
27013,66916
27015,25172
27017,35509
27019,102118
27021,29324
27023,11944
27025,55257
27027,63766
27029,8845
27031,5411
27033,11249
27035,64278
27037,421518
27039,20696
27041,37520
27043,13768
27045,20980
27047,30582
27049,46307
27051,5916
27053,1247847
27055,18677
27057,20965
27059,39543
27061,45088
27063,9965
27065,16060
27067,42778
27069,4261
27071,12506
27073,6683
27075,10493
27077,3727
27079,28210
27081,5665
27083,25929
27085,35876
27087,5567
27089,9361
27091,19866
27093,23047
27095,25861
27097,33084
27099,39773
27101,8332
27103,34052
27105,21671
27107,6589
27109,154727
27111,58219
27113,14178
27115,29159
27117,9157
27119,31637
27121,10988
27123,544886
27125,4009
27127,15244
27129,14693
27131,66196
27133,9459
27135,15305
27137,199778
27139,145535
27141,94476
27143,14899
27145,158301
27147,36787
27149,9706
27151,9387
27153,24526
27155,3304
27157,21590
27159,13647
27161,18713
27163,255464
27165,10934
27167,6322
27169,50718
27171,134205
27173,9836
28001,31462
28003,37165
28005,12448
28007,18467
28009,8255
28011,31718
28013,14508
28015,10094
28017,17144
28019,8240
28021,9026
28023,15805
28025,19621
28027,23214
28029,28528
28031,19014
28033,179005
28035,75155
28037,7754
28039,23951
28041,13529
28043,21037
28045,46949
28047,204966
28049,239929
28051,17849
28053,8333
28055,1341
28057,23499
28059,142246
28061,16574
28063,7227
28065,11284
28067,68364
28069,10093
28071,54178
28073,61536
28075,76309
28077,12629
28079,22819
28081,85071
28083,29292
28085,34340
28087,59147
28089,104584
28091,25108
28093,35590
28095,35851
28097,10143
28099,29435
28101,21396
28103,10711
28105,49678
28107,34158
28109,55255
28111,12014
28113,39510
28115,31709
28117,25215
28119,7208
28121,152904
28123,28436
28125,4415
28127,26905
28129,16073
28131,18593
28133,26142
28135,14094
28137,28581
28139,21953
28141,19518
28143,9984
28145,28486
28147,14505
28149,46682
28151,46197
28153,20430
28155,9732
28157,8855
28159,18237
28161,12449
28163,28659
29001,25429
29003,17474
29005,5243
29007,25590
29009,35631
29011,11793
29013,16293
29015,19072
29017,12280
29019,178012
29021,88660
29023,42618
29025,9059
29027,44982
29029,45473
29031,78261
29033,8779
29035,6179
29037,103477
29039,14070
29041,7457
29043,85392
29045,6720
29047,242527
29049,20551
29051,76632
29053,17647
29055,24107
29057,7586
29059,16699
29061,8358
29063,12532
29065,15497
29067,13276
29069,30121
29071,103315
29073,14683
29075,6634
29077,289512
29079,9991
29081,8506
29083,21695
29085,9395
29087,4407
29089,10066
29091,40074
29093,10181
29095,698072
29097,120048
29099,223769
29101,53735
29103,3970
29105,35418
29107,32579
29109,38256
29111,9952
29113,56045
29115,12168
29117,15157
29119,22722
29121,15262
29123,12230
29125,8790
29127,28585
29129,3656
29131,25202
29133,13594
29135,16047
29137,8596
29139,11378
29141,20162
29143,17544
29145,58191
29147,22401
29149,10553
29151,13658
29153,9227
29155,16783
29157,19262
29159,42445
29161,44551
29163,18557
29165,101141
29167,31742
29169,51862
29171,4778
29173,10226
29175,24899
29177,22877
29179,6260
29181,13565
29183,395130
29185,9365
29186,17792
29187,66674
29189,996227
29195,22910
29197,4518
29199,4948
29201,38576
29203,8235
29205,5995
29207,29364
29209,31642
29211,6212
29213,55100
29215,25650
29217,20507
29219,34448
29221,24994
29223,13303
29225,38745
29227,2041
29229,18210
29510,308233
30001,9450
30003,13483
30005,6745
30007,5917
30009,10680
30011,1223
30013,81633
30015,5732
30017,11726
30019,1722
30021,8952
30023,9100
30025,3004
30027,11281
30029,100091
30031,108576
30033,1281
30035,13732
30037,817
30039,3356
30041,16469
30043,11921
30045,1945
30047,30221
30049,67850
30051,2407
30053,19556
30055,1698
30057,8291
30059,1852
30061,4235
30063,117834
30065,4632
30067,16386
30069,512
30071,4113
30073,5968
30075,1750
30077,6789
30079,1099
30081,42524
30083,11027
30085,11160
30087,9205
30089,11689
30091,3471
30093,34811
30095,9419
30097,3676
30099,6091
30101,4860
30103,673
30105,7402
30107,2161
30109,1018
30111,159266
31001,31808
31003,6341
31005,455
31007,726
31009,479
31011,5320
31013,10835
31015,1955
31017,3000
31019,49350
31021,6531
31023,8032
31025,25935
31027,8515
31029,3928
31031,5790
31033,9644
31035,6186
31037,10700
31039,8947
31041,10869
31043,20010
31045,8888
31047,23657
31049,1861
31051,5746
31053,36789
31055,560733
31057,1783
31059,5561
31061,2974
31063,2623
31065,4763
31067,21621
31069,1890
31071,1986
31073,2028
31075,649
31077,2363
31079,61201
31081,9194
31083,3415
31085,893
31087,2806
31089,10182
31091,666
31093,6396
31095,7176
31097,5169
31099,6492
31101,8070
31103,790
31105,3568
31107,8439
31109,313772
31111,35265
31113,765
31115,604
31117,493
31119,35132
31121,7859
31123,4796
31125,3561
31127,6957
31129,4269
31131,15956
31133,2621
31135,2886
31137,9050
31139,7093
31141,33231
31143,5309
31145,10760
31147,7971
31149,1420
31151,14365
31153,181376
31155,21032
31157,36160
31159,17203
31161,5268
31163,3074
31165,1195
31167,5974
31169,5034
31171,722
31173,7196
31175,4227
31177,20328
31179,9213
31181,3505
31183,815
31185,13762
32001,24021
32003,2181635
32005,48030
32007,52357
32009,843
32011,1946
32013,16719
32015,5579
32017,5191
32019,53895
32021,4455
32023,43977
32027,6469
32029,3976
32031,456629
32033,9651
32510,54532
33001,60872
33003,48132
33005,75963
33007,31396
33009,89853
33011,413204
33013,149830
33015,306669
33017,129841
33019,43027
34001,265498
34003,932420
34005,445610
34007,506224
34009,93129
34011,151423
34013,796349
34015,290961
34017,672826
34019,124712
34021,368168
34023,827363
34025,621990
34027,493920
34029,595424
34031,504402
34033,62883
34035,330573
34037,141197
34039,554738
34041,105715
35001,678203
35003,3553
35005,65080
35006,26921
35007,12151
35009,49794
35011,1805
35013,216174
35015,57108
35017,27642
35019,4410
35021,684
35023,4298
35025,69046
35027,19468
35028,18742
35029,24100
35031,72423
35033,4530
35035,66121
35037,8299
35039,39235
35041,18900
35043,142689
35045,126917
35047,27715
35049,149491
35051,11064
35053,16832
35055,32790
35057,15535
35059,4180
35061,75884
36001,307717
36003,46639
36005,1440625
36007,193100
36009,77176
36011,77457
36013,128372
36015,84736
36017,47805
36019,80531
36021,60338
36023,47815
36025,45028
36027,293545
36029,919034
36031,37487
36033,50465
36035,53802
36037,57798
36039,47442
36041,4471
36043,62163
36045,113157
36047,2594676
36049,26605
36051,63483
36053,70942
36055,742724
36057,49163
36059,1357293
36061,1630698
36063,210848
36065,230011
36067,461795
36069,109538
36071,379758
36073,40786
36075,118427
36077,59920
36079,98856
36081,2295808
36083,159200
36085,475671
36087,324622
36089,108699
36091,229276
36093,154710
36095,31255
36097,17913
36099,34246
36101,96360
36103,1483358
36105,74994
36107,48609
36109,102664
36111,178635
36113,64365
36115,61559
36117,90429
36119,969689
36121,40282
36123,25002
37001,163276
37003,37143
37005,10988
37007,24829
37009,26787
37011,17517
37013,47033
37015,19263
37017,33443
37019,130859
37021,257071
37023,90157
37025,206988
37027,81933
37029,10532
37031,68921
37033,22616
37035,157852
37037,71189
37039,27954
37041,14029
37043,11004
37045,97134
37047,56047
37049,102492
37051,330994
37053,26290
37055,36199
37057,165180
37059,42308
37061,58943
37063,312153
37065,52756
37067,375840
37069,66155
37071,219656
37073,11514
37075,8524
37077,59372
37079,20963
37081,528243
37083,51311
37085,132395
37087,61005
37089,115216
37091,23923
37093,54138
37095,5240
37097,175634
37099,43224
37101,196374
37103,9573
37105,60403
37107,56622
37109,82557
37111,45083
37113,34581
37115,21563
37117,22763
37119,1078128
37121,14992
37123,27269
37125,97368
37127,94019
37129,228728
37131,19890
37133,195066
37135,143626
37137,12638
37139,39386
37141,60719
37143,13439
37145,39338
37147,178607
37149,20564
37151,143037
37153,44827
37155,132626
37157,90791
37159,140356
37161,66529
37163,63263
37165,35174
37167,61505
37169,45724
37171,72107
37173,14263
37175,33767
37177,4180
37179,231350
37181,44281
37183,1071706
37185,19849
37187,11944
37189,55181
37191,123034
37193,68489
37195,81436
37197,37588
37199,17697
38001,2324
38003,10679
38005,6916
38007,922
38009,6522
38011,3150
38013,2128
38015,95247
38017,177745
38019,3793
38021,4848
38023,2295
38025,4274
38027,2315
38029,3298
38031,3249
38033,1779
38035,70489
38037,2363
38039,2244
38041,2479
38043,2471
38045,4101
38047,1919
38049,5890
38051,2608
38053,12688
38055,9636
38057,8457
38059,30938
38061,10276
38063,2902
38065,1930
38067,6962
38069,4096
38071,11596
38073,5303
38075,2455
38077,16287
38079,14614
38081,3862
38083,1351
38085,4425
38087,767
38089,30291
38091,1906
38093,21132
38095,2244
38097,7998
38099,10801
38101,68516
38103,3994
38105,33467
39001,27753
39003,103093
39005,53662
39007,97748
39009,66503
39011,45753
39013,68002
39015,43523
39017,380607
39019,27324
39021,38851
39023,134549
39025,204260
39027,42004
39029,103062
39031,36536
39033,41710
39035,1247581
39037,51549
39039,38156
39041,200870
39043,74760
39045,154686
39047,28639
39049,1295510
39051,42265
39053,30162
39055,93881
39057,166566
39059,39066
39061,814170
39063,75973
39065,31329
39067,15202
39069,27179
39071,42903
39073,28436
39075,43895
39077,58393
39079,32386
39081,66318
39083,61271
39085,230159
39087,60075
39089,173617
39091,45198
39093,307441
39095,431039
39097,44041
39099,229791
39101,65076
39103,178176
39105,23071
39107,40858
39109,105200
39111,13931
39113,531467
39115,14644
39117,34911
39119,86123
39121,14400
39123,40623
39125,18831
39127,35972
39129,57740
39131,28088
39133,162473
39135,41116
39137,33860
39139,120430
39141,77295
39143,59093
39145,75976
39147,55267
39149,48738
39151,372003
39153,541514
39155,200281
39157,92308
39159,56798
39161,28283
39163,13082
39165,228709
39167,60491
39169,116168
39171,36707
39173,130437
39175,22063
40001,22119
40003,5913
40005,13779
40007,5364
40009,21779
40011,9512
40013,46481
40015,29356
40017,140001
40019,48273
40021,48891
40023,14804
40025,2152
40027,279542
40029,5630
40031,121786
40033,5863
40035,14332
40037,71890
40039,28974
40041,42672
40043,4899
40045,3970
40047,61600
40049,27857
40051,54829
40053,4379
40055,5793
40057,2710
40059,3784
40061,12726
40063,13265
40065,25112
40067,6164
40069,11121
40071,44403
40073,15688
40075,8849
40077,10318
40079,50020
40081,34961
40083,46785
40085,10076
40087,39306
40089,33031
40091,19701
40093,7684
40095,16364
40097,40988
40099,13918
40101,69027
40103,11303
40105,10322
40107,12076
40109,786068
40111,38819
40113,47346
40115,31368
40117,16419
40119,81908
40121,44154
40123,38371
40125,72185
40127,11118
40129,3661
40131,91435
40133,24845
40135,41742
40137,43340
40139,20924
40141,7399
40143,646437
40145,78984
40147,51996
40149,11055
40151,9069
40153,20531
41001,16083
41003,91790
41005,412442
41007,39101
41009,51724
41011,63708
41013,23065
41015,22630
41017,186744
41019,109197
41021,1862
41023,7188
41025,7258
41027,23398
41029,216746
41031,23652
41033,86584
41035,66810
41037,7874
41039,375264
41041,48757
41043,125035
41045,30385
41047,340531
41049,11198
41051,807885
41053,83711
41055,1735
41057,26522
41059,77120
41061,26383
41063,7025
41065,26296
41067,591336
41069,1348
41071,105238
42001,102562
42003,1220141
42005,65991
42007,165654
42009,48356
42011,417511
42013,123147
42015,60963
42017,626811
42019,186828
42021,132960
42023,4619
42025,63828
42027,162316
42029,518901
42031,38998
42033,79799
42035,38830
42037,65581
42039,85772
42041,249024
42043,275714
42045,563858
42047,30271
42049,273558
42051,131309
42053,7317
42055,154376
42057,14469
42059,36846
42061,45429
42063,84743
42065,43818
42067,24635
42069,210451
42071,541332
42073,86546
42075,139553
42077,365577
42079,317808
42081,114012
42083,41362
42085,111473
42087,46290
42089,167895
42091,824303
42093,18270
42095,302801
42097,91721
42099,46046
42101,1580601
42103,55397
42105,16841
42107,142580
42109,40594
42111,74242
42113,6142
42115,40934
42117,40671
42119,44642
42121,51790
42123,39679
42125,207075
42127,51192
42129,352006
42131,27396
42133,445484
44001,48734
44003,163543
44005,82952
44007,634130
44009,126314
45001,24567
45003,168325
45005,9012
45007,198186
45009,14384
45011,21355
45013,186497
45015,214541
45017,14696
45019,402008
45021,56913
45023,32299
45025,45979
45027,34012
45029,37555
45031,66981
45033,30496
45035,158988
45037,26837
45039,22593
45041,138495
45043,61826
45045,506831
45047,70496
45049,19498
45051,332655
45053,28522
45055,65213
45057,92411
45059,66822
45061,17388
45063,290338
45065,9554
45067,31295
45069,26691
45071,38381
45073,77388
45075,87671
45077,123518
45079,411800
45081,20299
45083,306740
45085,106431
45087,27400
45089,31216
45091,266165
46003,2769
46005,18541
46007,3446
46009,6952
46011,34749
46013,39290
46015,5304
46017,2013
46019,10114
46021,1372
46023,9404
46025,3679
46027,14032
46029,28125
46031,4195
46033,8763
46035,19870
46037,5494
46039,4311
46041,5857
46043,2927
46045,3915
46047,6698
46049,2323
46051,7159
46053,4206
46055,1921
46057,5998
46059,3275
46061,3409
46063,1244
46065,17670
46067,7349
46069,1297
46071,3269
46073,2024
46075,922
46077,4929
46079,12795
46081,25677
46083,56681
46085,3876
46087,5561
46089,2401
46091,4945
46093,27941
46095,2063
46097,2200
46099,189538
46101,6494
46102,14384
46103,110503
46105,2962
46107,2214
46109,10265
46111,2435
46115,6507
46117,2986
46119,1398
46121,10277
46123,5443
46125,8303
46127,15277
46129,5497
46135,22682
46137,2748
47001,76056
47003,48211
47005,15993
47007,14895
47009,129999
47011,105421
47013,39791
47015,14157
47017,27807
47019,56510
47021,40366
47023,17154
47025,31661
47027,7663
47029,35528
47031,55016
47033,14436
47035,59023
47037,687159
47039,11732
47041,19876
47043,52774
47045,37339
47047,40150
47049,18214
47051,41623
47053,49255
47055,29379
47057,23106
47059,68821
47061,13332
47063,64062
47065,361032
47067,6593
47069,25488
47071,25738
47073,56620
47075,17607
47077,27851
47079,32380
47081,24839
47083,8158
47085,18503
47087,11702
47089,53730
47091,17603
47093,461565
47095,7451
47097,26093
47099,43388
47101,12025
47103,33892
47105,52260
47107,52931
47109,26001
47111,23905
47113,97491
47115,28406
47117,33020
47119,92237
47121,12042
47123,46035
47125,199771
47127,6391
47129,21555
47131,30375
47133,21998
47135,7954
47137,5062
47139,16759
47141,77299
47143,32671
47145,53020
47147,70328
47149,316531
47151,21964
47153,14767
47155,97307
47157,935251
47159,19732
47161,13422
47163,156924
47165,183756
47167,61305
47169,10831
47171,17796
47173,19399
47175,5747
47177,40717
47179,127603
47181,16641
47183,33325
47185,26764
47187,226048
47189,136691
48001,58175
48003,17603
48005,87572
48007,25392
48009,8783
48011,1867
48013,49083
48015,29722
48017,7066
48019,22327
48021,84585
48023,3555
48025,32592
48027,347377
48029,1956988
48031,11481
48033,670
48035,18295
48037,93458
48039,361853
48041,223917
48043,9325
48045,1514
48047,7132
48049,37815
48051,18053
48053,46600
48055,42328
48057,21712
48059,13968
48061,422227
48063,12845
48065,6005
48067,29966
48069,7696
48071,41269
48073,52116
48075,7269
48077,10484
48079,2853
48081,3285
48083,8399
48085,971864
48087,2964
48089,21291
48091,140721
48093,13533
48095,2707
48097,39932
48099,74760
48101,1375
48103,4685
48105,3535
48107,5849
48109,2230
48111,7272
48113,2620154
48115,12744
48117,18753
48119,5276
48121,835364
48123,20180
48125,2190
48127,10282
48129,3340
48131,11270
48133,18294
48135,156951
48137,1929
48139,173405
48141,837401
48143,41723
48145,17340
48147,34550
48149,25119
48151,3874
48153,5830
48155,1202
48157,767712
48159,10798
48161,19649
48163,19895
48165,20553
48167,334633
48169,6490
48171,26483
48173,1363
48175,7552
48177,20742
48179,22106
48181,131152
48183,122852
48185,27955
48187,159639
48189,33954
48191,3042
48193,8407
48195,5485
48197,3959
48199,57117
48201,4657972
48203,66468
48205,5716
48207,5699
48209,214726
48211,3929
48213,80954
48215,856249
48217,35703
48219,22977
48221,57973
48223,36451
48225,23089
48227,35817
48229,4604
48231,94046
48233,21343
48235,1512
48237,8828
48239,14806
48241,35549
48243,2260
48245,256041
48247,5212
48249,40920
48251,167012
48253,19827
48255,15556
48257,122628
48259,43969
48261,427
48263,759
48265,51892
48267,4385
48269,289
48271,3711
48273,30752
48275,3674
48277,49568
48279,13165
48281,20861
48283,7530
48285,20028
48287,17109
48289,17235
48291,83597
48293,23391
48295,3364
48297,12146
48299,21167
48301,133
48303,305413
48305,5832
48307,7941
48309,251631
48311,765
48313,14251
48315,10057
48317,5531
48319,4179
48321,36805
48323,58111
48325,50183
48327,2110
48329,165318
48331,24939
48333,4917
48335,8215
48337,19399
48339,571615
48341,21604
48343,12375
48345,1226
48347,65317
48349,48739
48351,13908
48353,14854
48355,361235
48357,9996
48359,2104
48361,84971
48363,28544
48365,23211
48367,133501
48369,9710
48371,15634
48373,48990
48375,120340
48377,7100
48379,11730
48381,134015
48383,3712
48385,3417
48387,12164
48389,15166
48391,7180
48393,941
48395,17153
48397,96824
48399,10282
48401,54213
48403,10417
48405,8302
48407,28231
48409,67210
48411,5996
48413,2989
48415,17003
48417,3289
48419,25225
48421,3046
48423,227195
48425,8855
48427,64130
48429,9287
48431,1287
48433,1376
48435,3792
48437,7446
48439,2056451
48441,136634
48443,814
48445,12429
48447,1510
48449,32619
48451,117566
48453,1227585
48455,14677
48457,21517
48459,41069
48461,3658
48463,27043
48465,49028
48467,55163
48469,92045
48471,72816
48473,51717
48475,11383
48477,34861
48479,273691
48481,41837
48483,5300
48485,131689
48487,12683
48489,21508
48491,546251
48493,49211
48495,7605
48497,65848
48499,44263
48501,8557
48503,17922
48505,14254
48507,11957
49001,6421
49003,53977
49005,124236
49007,20131
49009,1013
49011,346658
49013,19868
49015,10006
49017,5025
49019,9589
49021,50761
49023,11293
49025,7520
49027,12821
49029,11829
49031,1407
49033,2395
49035,1136719
49037,15277
49039,29921
49041,21292
49043,41330
49045,67486
49047,35228
49049,606742
49051,31890
49053,165929
49055,2702
49057,251576
50001,36900
50003,35675
50005,30141
50007,163031
50009,6184
50011,48969
50013,6975
50015,25360
50017,28964
50019,26811
50021,59006
50023,58253
50025,42851
50027,55224
51001,32685
51003,107768
51005,15128
51007,12980
51009,31863
51011,15723
51013,234647
51015,75177
51017,4266
51019,78378
51021,6354
51023,33313
51025,16570
51027,21604
51029,17038
51031,55326
51033,30432
51035,29812
51036,7026
51037,12077
51041,343276
51043,14454
51045,5062
51047,51235
51049,9828
51051,14722
51053,28630
51057,10969
51059,1148728
51061,69547
51063,15758
51065,26480
51067,56315
51069,86456
51071,16754
51073,37295
51075,22703
51077,15697
51079,19593
51081,11569
51083,34575
51085,105674
51087,327559
51089,51346
51091,2217
51093,36571
51095,75274
51097,6999
51099,26337
51101,16684
51103,10725
51105,23900
51107,397049
51109,35912
51111,12333
51113,13212
51115,8709
51117,30693
51119,10625
51121,98142
51125,14800
51127,21638
51131,11872
51133,12271
51135,15432
51137,35870
51139,23784
51141,17713
51143,61309
51145,28716
51147,22678
51149,38006
51153,463069
51155,34225
51157,7393
51159,8889
51161,93939
51163,22668
51165,80397
51167,27046
51169,21893
51171,43276
51173,30731
51175,17841
51177,132739
51179,146792
51181,6503
51183,11379
51185,41303
51187,39409
51191,54179
51193,17725
51195,38574
51197,28829
51199,68022
51510,159215
51520,16880
51530,6482
51540,47463
51550,240143
51570,17424
51580,5576
51590,41044
51595,5467
51600,23435
51610,14245
51620,8145
51630,28498
51640,6484
51650,134725
51660,53644
51670,22505
51678,7154
51680,80523
51683,41141
51685,17149
51690,12823
51700,179447
51710,244543
51720,3918
51730,31137
51735,12039
51740,94838
51750,17484
51760,227230
51770,98986
51775,25373
51790,24325
51800,90108
51810,449896
51820,22242
51830,14994
51840,28178
53001,19651
53003,22509
53005,198200
53007,76298
53009,75637
53011,474381
53013,4002
53015,106805
53017,42027
53019,7576
53021,91896
53023,2215
53025,95357
53027,72490
53029,83250
53031,31210
53033,2203836
53035,266289
53037,46176
53039,21751
53041,78320
53043,10585
53045,63740
53047,41915
53049,21742
53051,13358
53053,879654
53055,16729
53057,125860
53059,11809
53061,802089
53063,505623
53065,44636
53067,280269
53069,4251
53071,60512
53073,221410
53075,49382
53077,249922
54001,16515
54003,115073
54005,22369
54007,14217
54009,22373
54011,94452
54013,7310
54015,8693
54017,8518
54019,43607
54021,8042
54023,11627
54025,35208
54027,23386
54029,29383
54031,13849
54033,67905
54035,28908
54037,56444
54039,183385
54041,16178
54043,20872
54045,33028
54047,18505
54049,56349
54051,31252
54053,26806
54055,59869
54057,27223
54059,24142
54061,105782
54063,13382
54065,17716
54067,25125
54069,42001
54071,6973
54073,7455
54075,8493
54077,33826
54079,56692
54081,75066
54083,28894
54085,9851
54087,14004
54089,12882
54091,16914
54093,6992
54095,8800
54097,24555
54099,40215
54101,8348
54103,15433
54105,5786
54107,85060
54109,21271
55001,19900
55003,15501
55005,45141
55007,15006
55009,261762
55011,13105
55013,15295
55015,49995
55017,63747
55019,34571
55021,57244
55023,16199
55025,537453
55027,87705
55029,27454
55031,43328
55033,44714
55035,103582
55037,4335
55039,102417
55041,8969
55043,51728
55045,36877
55047,18720
55049,23676
55051,5675
55053,20485
55055,84733
55057,26460
55059,168356
55061,20401
55063,118033
55065,16689
55067,19175
55069,27751
55071,79099
55073,135452
55075,40300
55077,15280
55078,4599
55079,950172
55081,45715
55083,37531
55085,35236
55087,185816
55089,88443
55091,7246
55093,42016
55095,43397
55097,70565
55099,13380
55101,195825
55103,17517
55105,162205
55107,14148
55109,88560
55111,63967
55113,16367
55115,40846
55117,115089
55119,20314
55121,29372
55123,30702
55125,21684
55127,102850
55129,15739
55131,134930
55133,400899
55135,51118
55137,24193
55139,170394
55141,73038
56001,38459
56003,11859
56005,46402
56007,15252
56009,13733
56011,7397
56013,39818
56015,13361
56017,4686
56019,8447
56021,98377
56023,19278
56025,79586
56027,2392
56029,29194
56031,8541
56033,30147
56035,9745
56037,43464
56039,23384
56041,20431
56043,8010
56045,6968
