fips,retail_soda_sales_14_tax_rate,vending_soda_sales_14_tax_rate,retail_chips_pretzels_14_tax_rate,vending_chips_pretzels_14_tax_rate,general_food_tax_rate
1001,4.0,4.0,4.0,4.0,4.0
1003,4.0,4.0,4.0,4.0,4.0
1005,4.0,4.0,4.0,4.0,4.0
1007,4.0,4.0,4.0,4.0,4.0
1009,4.0,4.0,4.0,4.0,4.0
1011,4.0,4.0,4.0,4.0,4.0
1013,4.0,4.0,4.0,4.0,4.0
1015,4.0,4.0,4.0,4.0,4.0
1017,4.0,4.0,4.0,4.0,4.0
1019,4.0,4.0,4.0,4.0,4.0
1021,4.0,4.0,4.0,4.0,4.0
1023,4.0,4.0,4.0,4.0,4.0
1025,4.0,4.0,4.0,4.0,4.0
1027,4.0,4.0,4.0,4.0,4.0
1029,4.0,4.0,4.0,4.0,4.0
1031,4.0,4.0,4.0,4.0,4.0
1033,4.0,4.0,4.0,4.0,4.0
1035,4.0,4.0,4.0,4.0,4.0
1037,4.0,4.0,4.0,4.0,4.0
1039,4.0,4.0,4.0,4.0,4.0
1041,4.0,4.0,4.0,4.0,4.0
1043,4.0,4.0,4.0,4.0,4.0
1045,4.0,4.0,4.0,4.0,4.0
1047,4.0,4.0,4.0,4.0,4.0
1049,4.0,4.0,4.0,4.0,4.0
1051,4.0,4.0,4.0,4.0,4.0
1053,4.0,4.0,4.0,4.0,4.0
1055,4.0,4.0,4.0,4.0,4.0
1057,4.0,4.0,4.0,4.0,4.0
1059,4.0,4.0,4.0,4.0,4.0
1061,4.0,4.0,4.0,4.0,4.0
1063,4.0,4.0,4.0,4.0,4.0
1065,4.0,4.0,4.0,4.0,4.0
1067,4.0,4.0,4.0,4.0,4.0
1069,4.0,4.0,4.0,4.0,4.0
1071,4.0,4.0,4.0,4.0,4.0
1073,4.0,4.0,4.0,4.0,4.0
1075,4.0,4.0,4.0,4.0,4.0
1077,4.0,4.0,4.0,4.0,4.0
1079,4.0,4.0,4.0,4.0,4.0
1081,4.0,4.0,4.0,4.0,4.0
1083,4.0,4.0,4.0,4.0,4.0
1085,4.0,4.0,4.0,4.0,4.0
1087,4.0,4.0,4.0,4.0,4.0
1089,4.0,4.0,4.0,4.0,4.0
1091,4.0,4.0,4.0,4.0,4.0
1093,4.0,4.0,4.0,4.0,4.0
1095,4.0,4.0,4.0,4.0,4.0
1097,4.0,4.0,4.0,4.0,4.0
1099,4.0,4.0,4.0,4.0,4.0
1101,4.0,4.0,4.0,4.0,4.0
1103,4.0,4.0,4.0,4.0,4.0
1105,4.0,4.0,4.0,4.0,4.0
1107,4.0,4.0,4.0,4.0,4.0
1109,4.0,4.0,4.0,4.0,4.0
1111,4.0,4.0,4.0,4.0,4.0
1113,4.0,4.0,4.0,4.0,4.0
1115,4.0,4.0,4.0,4.0,4.0
1117,4.0,4.0,4.0,4.0,4.0
1119,4.0,4.0,4.0,4.0,4.0
1121,4.0,4.0,4.0,4.0,4.0
1123,4.0,4.0,4.0,4.0,4.0
1125,4.0,4.0,4.0,4.0,4.0
1127,4.0,4.0,4.0,4.0,4.0
1129,4.0,4.0,4.0,4.0,4.0
1131,4.0,4.0,4.0,4.0,4.0
1133,4.0,4.0,4.0,4.0,4.0
2013,0.0,0.0,0.0,0.0,0.0
2016,0.0,0.0,0.0,0.0,0.0
2020,0.0,0.0,0.0,0.0,0.0
2050,0.0,0.0,0.0,0.0,0.0
2060,0.0,0.0,0.0,0.0,0.0
2068,0.0,0.0,0.0,0.0,0.0
2070,0.0,0.0,0.0,0.0,0.0
2090,0.0,0.0,0.0,0.0,0.0
2100,0.0,0.0,0.0,0.0,0.0
2105,0.0,0.0,0.0,0.0,0.0
2110,0.0,0.0,0.0,0.0,0.0
2122,0.0,0.0,0.0,0.0,0.0
2130,0.0,0.0,0.0,0.0,0.0
2150,0.0,0.0,0.0,0.0,0.0
2164,0.0,0.0,0.0,0.0,0.0
2170,0.0,0.0,0.0,0.0,0.0
2180,0.0,0.0,0.0,0.0,0.0
2185,0.0,0.0,0.0,0.0,0.0
2188,0.0,0.0,0.0,0.0,0.0
2195,0.0,0.0,0.0,0.0,0.0
2198,0.0,0.0,0.0,0.0,0.0
2220,0.0,0.0,0.0,0.0,0.0
2230,0.0,0.0,0.0,0.0,0.0
2240,0.0,0.0,0.0,0.0,0.0
2261,0.0,0.0,0.0,0.0,0.0
2270,0.0,0.0,0.0,0.0,0.0
2275,0.0,0.0,0.0,0.0,0.0
2282,0.0,0.0,0.0,0.0,0.0
2290,0.0,0.0,0.0,0.0,0.0
4001,0.0,0.0,0.0,0.0,0.0
4003,0.0,0.0,0.0,0.0,0.0
4005,0.0,0.0,0.0,0.0,0.0
4007,0.0,0.0,0.0,0.0,0.0
4009,0.0,0.0,0.0,0.0,0.0
4011,0.0,0.0,0.0,0.0,0.0
4012,0.0,0.0,0.0,0.0,0.0
4013,0.0,0.0,0.0,0.0,0.0
4015,0.0,0.0,0.0,0.0,0.0
4017,0.0,0.0,0.0,0.0,0.0
4019,0.0,0.0,0.0,0.0,0.0
4021,0.0,0.0,0.0,0.0,0.0
4023,0.0,0.0,0.0,0.0,0.0
4025,0.0,0.0,0.0,0.0,0.0
4027,0.0,0.0,0.0,0.0,0.0
5001,1.5,1.5,1.5,1.5,1.5
5003,1.5,1.5,1.5,1.5,1.5
5005,1.5,1.5,1.5,1.5,1.5
5007,1.5,1.5,1.5,1.5,1.5
5009,1.5,1.5,1.5,1.5,1.5
5011,1.5,1.5,1.5,1.5,1.5
5013,1.5,1.5,1.5,1.5,1.5
5015,1.5,1.5,1.5,1.5,1.5
5017,1.5,1.5,1.5,1.5,1.5
5019,1.5,1.5,1.5,1.5,1.5
5021,1.5,1.5,1.5,1.5,1.5
5023,1.5,1.5,1.5,1.5,1.5
5025,1.5,1.5,1.5,1.5,1.5
5027,1.5,1.5,1.5,1.5,1.5
5029,1.5,1.5,1.5,1.5,1.5
5031,1.5,1.5,1.5,1.5,1.5
5033,1.5,1.5,1.5,1.5,1.5
5035,1.5,1.5,1.5,1.5,1.5
5037,1.5,1.5,1.5,1.5,1.5
5039,1.5,1.5,1.5,1.5,1.5
5041,1.5,1.5,1.5,1.5,1.5
5043,1.5,1.5,1.5,1.5,1.5
5045,1.5,1.5,1.5,1.5,1.5
5047,1.5,1.5,1.5,1.5,1.5
5049,1.5,1.5,1.5,1.5,1.5
5051,1.5,1.5,1.5,1.5,1.5
5053,1.5,1.5,1.5,1.5,1.5
5055,1.5,1.5,1.5,1.5,1.5
5057,1.5,1.5,1.5,1.5,1.5
5059,1.5,1.5,1.5,1.5,1.5
5061,1.5,1.5,1.5,1.5,1.5
5063,1.5,1.5,1.5,1.5,1.5
5065,1.5,1.5,1.5,1.5,1.5
5067,1.5,1.5,1.5,1.5,1.5
5069,1.5,1.5,1.5,1.5,1.5
5071,1.5,1.5,1.5,1.5,1.5
5073,1.5,1.5,1.5,1.5,1.5
5075,1.5,1.5,1.5,1.5,1.5
5077,1.5,1.5,1.5,1.5,1.5
5079,1.5,1.5,1.5,1.5,1.5
5081,1.5,1.5,1.5,1.5,1.5
5083,1.5,1.5,1.5,1.5,1.5
5085,1.5,1.5,1.5,1.5,1.5
5087,1.5,1.5,1.5,1.5,1.5
5089,1.5,1.5,1.5,1.5,1.5
5091,1.5,1.5,1.5,1.5,1.5
5093,1.5,1.5,1.5,1.5,1.5
5095,1.5,1.5,1.5,1.5,1.5
5097,1.5,1.5,1.5,1.5,1.5
5099,1.5,1.5,1.5,1.5,1.5
5101,1.5,1.5,1.5,1.5,1.5
5103,1.5,1.5,1.5,1.5,1.5
5105,1.5,1.5,1.5,1.5,1.5
5107,1.5,1.5,1.5,1.5,1.5
5109,1.5,1.5,1.5,1.5,1.5
5111,1.5,1.5,1.5,1.5,1.5
5113,1.5,1.5,1.5,1.5,1.5
5115,1.5,1.5,1.5,1.5,1.5
5117,1.5,1.5,1.5,1.5,1.5
5119,1.5,1.5,1.5,1.5,1.5
5121,1.5,1.5,1.5,1.5,1.5
5123,1.5,1.5,1.5,1.5,1.5
5125,1.5,1.5,1.5,1.5,1.5
5127,1.5,1.5,1.5,1.5,1.5
5129,1.5,1.5,1.5,1.5,1.5
5131,1.5,1.5,1.5,1.5,1.5
5133,1.5,1.5,1.5,1.5,1.5
5135,1.5,1.5,1.5,1.5,1.5
5137,1.5,1.5,1.5,1.5,1.5
5139,1.5,1.5,1.5,1.5,1.5
5141,1.5,1.5,1.5,1.5,1.5
5143,1.5,1.5,1.5,1.5,1.5
5145,1.5,1.5,1.5,1.5,1.5
5147,1.5,1.5,1.5,1.5,1.5
5149,1.5,1.5,1.5,1.5,1.5
6001,6.5,6.5,0.0,6.5,0.0
6003,6.5,6.5,0.0,6.5,0.0
6005,6.5,6.5,0.0,6.5,0.0
6007,6.5,6.5,0.0,6.5,0.0
6009,6.5,6.5,0.0,6.5,0.0
6011,6.5,6.5,0.0,6.5,0.0
6013,6.5,6.5,0.0,6.5,0.0
6015,6.5,6.5,0.0,6.5,0.0
6017,6.5,6.5,0.0,6.5,0.0
6019,6.5,6.5,0.0,6.5,0.0
6021,6.5,6.5,0.0,6.5,0.0
6023,6.5,6.5,0.0,6.5,0.0
6025,6.5,6.5,0.0,6.5,0.0
6027,6.5,6.5,0.0,6.5,0.0
6029,6.5,6.5,0.0,6.5,0.0
6031,6.5,6.5,0.0,6.5,0.0
6033,6.5,6.5,0.0,6.5,0.0
6035,6.5,6.5,0.0,6.5,0.0
6037,6.5,6.5,0.0,6.5,0.0
6039,6.5,6.5,0.0,6.5,0.0
6041,6.5,6.5,0.0,6.5,0.0
6043,6.5,6.5,0.0,6.5,0.0
6045,6.5,6.5,0.0,6.5,0.0
6047,6.5,6.5,0.0,6.5,0.0
6049,6.5,6.5,0.0,6.5,0.0
6051,6.5,6.5,0.0,6.5,0.0
6053,6.5,6.5,0.0,6.5,0.0
6055,6.5,6.5,0.0,6.5,0.0
6057,6.5,6.5,0.0,6.5,0.0
6059,6.5,6.5,0.0,6.5,0.0
6061,6.5,6.5,0.0,6.5,0.0
6063,6.5,6.5,0.0,6.5,0.0
6065,6.5,6.5,0.0,6.5,0.0
6067,6.5,6.5,0.0,6.5,0.0
6069,6.5,6.5,0.0,6.5,0.0
6071,6.5,6.5,0.0,6.5,0.0
6073,6.5,6.5,0.0,6.5,0.0
6075,6.5,6.5,0.0,6.5,0.0
6077,6.5,6.5,0.0,6.5,0.0
6079,6.5,6.5,0.0,6.5,0.0
6081,6.5,6.5,0.0,6.5,0.0
6083,6.5,6.5,0.0,6.5,0.0
6085,6.5,6.5,0.0,6.5,0.0
6087,6.5,6.5,0.0,6.5,0.0
6089,6.5,6.5,0.0,6.5,0.0
6091,6.5,6.5,0.0,6.5,0.0
6093,6.5,6.5,0.0,6.5,0.0
6095,6.5,6.5,0.0,6.5,0.0
6097,6.5,6.5,0.0,6.5,0.0
6099,6.5,6.5,0.0,6.5,0.0
6101,6.5,6.5,0.0,6.5,0.0
6103,6.5,6.5,0.0,6.5,0.0
6105,6.5,6.5,0.0,6.5,0.0
6107,6.5,6.5,0.0,6.5,0.0
6109,6.5,6.5,0.0,6.5,0.0
6111,6.5,6.5,0.0,6.5,0.0
6113,6.5,6.5,0.0,6.5,0.0
6115,6.5,6.5,0.0,6.5,0.0
8001,2.91,2.91,0.0,0.0,0.0
8003,2.91,2.91,0.0,0.0,0.0
8005,2.91,2.91,0.0,0.0,0.0
8007,2.91,2.91,0.0,0.0,0.0
8009,2.91,2.91,0.0,0.0,0.0
8011,2.91,2.91,0.0,0.0,0.0
8013,2.91,2.91,0.0,0.0,0.0
8014,2.91,2.91,0.0,0.0,0.0
8015,2.91,2.91,0.0,0.0,0.0
8017,2.91,2.91,0.0,0.0,0.0
8019,2.91,2.91,0.0,0.0,0.0
8021,2.91,2.91,0.0,0.0,0.0
8023,2.91,2.91,0.0,0.0,0.0
8025,2.91,2.91,0.0,0.0,0.0
8027,2.91,2.91,0.0,0.0,0.0
8029,2.91,2.91,0.0,0.0,0.0
8031,2.91,2.91,0.0,0.0,0.0
8033,2.91,2.91,0.0,0.0,0.0
8035,2.91,2.91,0.0,0.0,0.0
8037,2.91,2.91,0.0,0.0,0.0
8039,2.91,2.91,0.0,0.0,0.0
8041,2.91,2.91,0.0,0.0,0.0
8043,2.91,2.91,0.0,0.0,0.0
8045,2.91,2.91,0.0,0.0,0.0
8047,2.91,2.91,0.0,0.0,0.0
8049,2.91,2.91,0.0,0.0,0.0
8051,2.91,2.91,0.0,0.0,0.0
8053,2.91,2.91,0.0,0.0,0.0
8055,2.91,2.91,0.0,0.0,0.0
8057,2.91,2.91,0.0,0.0,0.0
8059,2.91,2.91,0.0,0.0,0.0
8061,2.91,2.91,0.0,0.0,0.0
8063,2.91,2.91,0.0,0.0,0.0
8065,2.91,2.91,0.0,0.0,0.0
8067,2.91,2.91,0.0,0.0,0.0
8069,2.91,2.91,0.0,0.0,0.0
8071,2.91,2.91,0.0,0.0,0.0
8073,2.91,2.91,0.0,0.0,0.0
8075,2.91,2.91,0.0,0.0,0.0
8077,2.91,2.91,0.0,0.0,0.0
8079,2.91,2.91,0.0,0.0,0.0
8081,2.91,2.91,0.0,0.0,0.0
8083,2.91,2.91,0.0,0.0,0.0
8085,2.91,2.91,0.0,0.0,0.0
8087,2.91,2.91,0.0,0.0,0.0
8089,2.91,2.91,0.0,0.0,0.0
8091,2.91,2.91,0.0,0.0,0.0
8093,2.91,2.91,0.0,0.0,0.0
8095,2.91,2.91,0.0,0.0,0.0
8097,2.91,2.91,0.0,0.0,0.0
8099,2.91,2.91,0.0,0.0,0.0
8101,2.91,2.91,0.0,0.0,0.0
8103,2.91,2.91,0.0,0.0,0.0
8105,2.91,2.91,0.0,0.0,0.0
8107,2.91,2.91,0.0,0.0,0.0
8109,2.91,2.91,0.0,0.0,0.0
8111,2.91,2.91,0.0,0.0,0.0
8113,2.91,2.91,0.0,0.0,0.0
8115,2.91,2.91,0.0,0.0,0.0
8117,2.91,2.91,0.0,0.0,0.0
8119,2.91,2.91,0.0,0.0,0.0
8121,2.91,2.91,0.0,0.0,0.0
8123,2.91,2.91,0.0,0.0,0.0
8125,2.91,2.91,0.0,0.0,0.0
9001,6.35,6.35,0.0,0.0,0.0
9003,6.35,6.35,0.0,0.0,0.0
9005,6.35,6.35,0.0,0.0,0.0
9007,6.35,6.35,0.0,0.0,0.0
9009,6.35,6.35,0.0,0.0,0.0
9011,6.35,6.35,0.0,0.0,0.0
9013,6.35,6.35,0.0,0.0,0.0
9015,6.35,6.35,0.0,0.0,0.0
10001,0.0,0.0,0.0,0.0,0.0
10003,0.0,0.0,0.0,0.0,0.0
10005,0.0,0.0,0.0,0.0,0.0
11001,5.75,5.75,0.0,5.75,0.0
12001,6.0,6.0,0.0,6.0,0.0
12003,6.0,6.0,0.0,6.0,0.0
12005,6.0,6.0,0.0,6.0,0.0
12007,6.0,6.0,0.0,6.0,0.0
12009,6.0,6.0,0.0,6.0,0.0
12011,6.0,6.0,0.0,6.0,0.0
12013,6.0,6.0,0.0,6.0,0.0
12015,6.0,6.0,0.0,6.0,0.0
12017,6.0,6.0,0.0,6.0,0.0
12019,6.0,6.0,0.0,6.0,0.0
12021,6.0,6.0,0.0,6.0,0.0
12023,6.0,6.0,0.0,6.0,0.0
12027,6.0,6.0,0.0,6.0,0.0
12029,6.0,6.0,0.0,6.0,0.0
12031,6.0,6.0,0.0,6.0,0.0
12033,6.0,6.0,0.0,6.0,0.0
12035,6.0,6.0,0.0,6.0,0.0
12037,6.0,6.0,0.0,6.0,0.0
12039,6.0,6.0,0.0,6.0,0.0
12041,6.0,6.0,0.0,6.0,0.0
12043,6.0,6.0,0.0,6.0,0.0
12045,6.0,6.0,0.0,6.0,0.0
12047,6.0,6.0,0.0,6.0,0.0
12049,6.0,6.0,0.0,6.0,0.0
12051,6.0,6.0,0.0,6.0,0.0
12053,6.0,6.0,0.0,6.0,0.0
12055,6.0,6.0,0.0,6.0,0.0
12057,6.0,6.0,0.0,6.0,0.0
12059,6.0,6.0,0.0,6.0,0.0
12061,6.0,6.0,0.0,6.0,0.0
12063,6.0,6.0,0.0,6.0,0.0
12065,6.0,6.0,0.0,6.0,0.0
12067,6.0,6.0,0.0,6.0,0.0
12069,6.0,6.0,0.0,6.0,0.0
12071,6.0,6.0,0.0,6.0,0.0
12073,6.0,6.0,0.0,6.0,0.0
12075,6.0,6.0,0.0,6.0,0.0
12077,6.0,6.0,0.0,6.0,0.0
12079,6.0,6.0,0.0,6.0,0.0
12081,6.0,6.0,0.0,6.0,0.0
12083,6.0,6.0,0.0,6.0,0.0
12085,6.0,6.0,0.0,6.0,0.0
12086,6.0,6.0,0.0,6.0,0.0
12087,6.0,6.0,0.0,6.0,0.0
12089,6.0,6.0,0.0,6.0,0.0
12091,6.0,6.0,0.0,6.0,0.0
12093,6.0,6.0,0.0,6.0,0.0
12095,6.0,6.0,0.0,6.0,0.0
12097,6.0,6.0,0.0,6.0,0.0
12099,6.0,6.0,0.0,6.0,0.0
12101,6.0,6.0,0.0,6.0,0.0
12103,6.0,6.0,0.0,6.0,0.0
12105,6.0,6.0,0.0,6.0,0.0
12107,6.0,6.0,0.0,6.0,0.0
12109,6.0,6.0,0.0,6.0,0.0
12111,6.0,6.0,0.0,6.0,0.0
12113,6.0,6.0,0.0,6.0,0.0
12115,6.0,6.0,0.0,6.0,0.0
12117,6.0,6.0,0.0,6.0,0.0
12119,6.0,6.0,0.0,6.0,0.0
12121,6.0,6.0,0.0,6.0,0.0
12123,6.0,6.0,0.0,6.0,0.0
12125,6.0,6.0,0.0,6.0,0.0
12127,6.0,6.0,0.0,6.0,0.0
12129,6.0,6.0,0.0,6.0,0.0
12131,6.0,6.0,0.0,6.0,0.0
12133,6.0,6.0,0.0,6.0,0.0
13001,0.0,4.0,0.0,4.0,0.0
13003,0.0,4.0,0.0,4.0,0.0
13005,0.0,4.0,0.0,4.0,0.0
13007,0.0,4.0,0.0,4.0,0.0
13009,0.0,4.0,0.0,4.0,0.0
13011,0.0,4.0,0.0,4.0,0.0
13013,0.0,4.0,0.0,4.0,0.0
13015,0.0,4.0,0.0,4.0,0.0
13017,0.0,4.0,0.0,4.0,0.0
13019,0.0,4.0,0.0,4.0,0.0
13021,0.0,4.0,0.0,4.0,0.0
13023,0.0,4.0,0.0,4.0,0.0
13025,0.0,4.0,0.0,4.0,0.0
13027,0.0,4.0,0.0,4.0,0.0
13029,0.0,4.0,0.0,4.0,0.0
13031,0.0,4.0,0.0,4.0,0.0
13033,0.0,4.0,0.0,4.0,0.0
13035,0.0,4.0,0.0,4.0,0.0
13037,0.0,4.0,0.0,4.0,0.0
13039,0.0,4.0,0.0,4.0,0.0
13043,0.0,4.0,0.0,4.0,0.0
13045,0.0,4.0,0.0,4.0,0.0
13047,0.0,4.0,0.0,4.0,0.0
13049,0.0,4.0,0.0,4.0,0.0
13051,0.0,4.0,0.0,4.0,0.0
13053,0.0,4.0,0.0,4.0,0.0
13055,0.0,4.0,0.0,4.0,0.0
13057,0.0,4.0,0.0,4.0,0.0
13059,0.0,4.0,0.0,4.0,0.0
13061,0.0,4.0,0.0,4.0,0.0
13063,0.0,4.0,0.0,4.0,0.0
13065,0.0,4.0,0.0,4.0,0.0
13067,0.0,4.0,0.0,4.0,0.0
13069,0.0,4.0,0.0,4.0,0.0
13071,0.0,4.0,0.0,4.0,0.0
13073,0.0,4.0,0.0,4.0,0.0
13075,0.0,4.0,0.0,4.0,0.0
13077,0.0,4.0,0.0,4.0,0.0
13079,0.0,4.0,0.0,4.0,0.0
13081,0.0,4.0,0.0,4.0,0.0
13083,0.0,4.0,0.0,4.0,0.0
13085,0.0,4.0,0.0,4.0,0.0
13087,0.0,4.0,0.0,4.0,0.0
13089,0.0,4.0,0.0,4.0,0.0
13091,0.0,4.0,0.0,4.0,0.0
13093,0.0,4.0,0.0,4.0,0.0
13095,0.0,4.0,0.0,4.0,0.0
13097,0.0,4.0,0.0,4.0,0.0
13099,0.0,4.0,0.0,4.0,0.0
13101,0.0,4.0,0.0,4.0,0.0
13103,0.0,4.0,0.0,4.0,0.0
13105,0.0,4.0,0.0,4.0,0.0
13107,0.0,4.0,0.0,4.0,0.0
13109,0.0,4.0,0.0,4.0,0.0
13111,0.0,4.0,0.0,4.0,0.0
13113,0.0,4.0,0.0,4.0,0.0
13115,0.0,4.0,0.0,4.0,0.0
13117,0.0,4.0,0.0,4.0,0.0
13119,0.0,4.0,0.0,4.0,0.0
13121,0.0,4.0,0.0,4.0,0.0
13123,0.0,4.0,0.0,4.0,0.0
13125,0.0,4.0,0.0,4.0,0.0
13127,0.0,4.0,0.0,4.0,0.0
13129,0.0,4.0,0.0,4.0,0.0
13131,0.0,4.0,0.0,4.0,0.0
13133,0.0,4.0,0.0,4.0,0.0
13135,0.0,4.0,0.0,4.0,0.0
13137,0.0,4.0,0.0,4.0,0.0
13139,0.0,4.0,0.0,4.0,0.0
13141,0.0,4.0,0.0,4.0,0.0
13143,0.0,4.0,0.0,4.0,0.0
13145,0.0,4.0,0.0,4.0,0.0
13147,0.0,4.0,0.0,4.0,0.0
13149,0.0,4.0,0.0,4.0,0.0
13151,0.0,4.0,0.0,4.0,0.0
13153,0.0,4.0,0.0,4.0,0.0
13155,0.0,4.0,0.0,4.0,0.0
13157,0.0,4.0,0.0,4.0,0.0
13159,0.0,4.0,0.0,4.0,0.0
13161,0.0,4.0,0.0,4.0,0.0
13163,0.0,4.0,0.0,4.0,0.0
13165,0.0,4.0,0.0,4.0,0.0
13167,0.0,4.0,0.0,4.0,0.0
13169,0.0,4.0,0.0,4.0,0.0
13171,0.0,4.0,0.0,4.0,0.0
13173,0.0,4.0,0.0,4.0,0.0
13175,0.0,4.0,0.0,4.0,0.0
13177,0.0,4.0,0.0,4.0,0.0
13179,0.0,4.0,0.0,4.0,0.0
13181,0.0,4.0,0.0,4.0,0.0
13183,0.0,4.0,0.0,4.0,0.0
13185,0.0,4.0,0.0,4.0,0.0
13187,0.0,4.0,0.0,4.0,0.0
13189,0.0,4.0,0.0,4.0,0.0
13191,0.0,4.0,0.0,4.0,0.0
13193,0.0,4.0,0.0,4.0,0.0
13195,0.0,4.0,0.0,4.0,0.0
13197,0.0,4.0,0.0,4.0,0.0
13199,0.0,4.0,0.0,4.0,0.0
13201,0.0,4.0,0.0,4.0,0.0
13205,0.0,4.0,0.0,4.0,0.0
13207,0.0,4.0,0.0,4.0,0.0
13209,0.0,4.0,0.0,4.0,0.0
13211,0.0,4.0,0.0,4.0,0.0
13213,0.0,4.0,0.0,4.0,0.0
13215,0.0,4.0,0.0,4.0,0.0
13217,0.0,4.0,0.0,4.0,0.0
13219,0.0,4.0,0.0,4.0,0.0
13221,0.0,4.0,0.0,4.0,0.0
13223,0.0,4.0,0.0,4.0,0.0
13225,0.0,4.0,0.0,4.0,0.0
13227,0.0,4.0,0.0,4.0,0.0
13229,0.0,4.0,0.0,4.0,0.0
13231,0.0,4.0,0.0,4.0,0.0
13233,0.0,4.0,0.0,4.0,0.0
13235,0.0,4.0,0.0,4.0,0.0
13237,0.0,4.0,0.0,4.0,0.0
13239,0.0,4.0,0.0,4.0,0.0
13241,0.0,4.0,0.0,4.0,0.0
13243,0.0,4.0,0.0,4.0,0.0
13245,0.0,4.0,0.0,4.0,0.0
13247,0.0,4.0,0.0,4.0,0.0
13249,0.0,4.0,0.0,4.0,0.0
13251,0.0,4.0,0.0,4.0,0.0
13253,0.0,4.0,0.0,4.0,0.0
13255,0.0,4.0,0.0,4.0,0.0
13257,0.0,4.0,0.0,4.0,0.0
13259,0.0,4.0,0.0,4.0,0.0
13261,0.0,4.0,0.0,4.0,0.0
13263,0.0,4.0,0.0,4.0,0.0
13265,0.0,4.0,0.0,4.0,0.0
13267,0.0,4.0,0.0,4.0,0.0
13269,0.0,4.0,0.0,4.0,0.0
13271,0.0,4.0,0.0,4.0,0.0
13273,0.0,4.0,0.0,4.0,0.0
13275,0.0,4.0,0.0,4.0,0.0
13277,0.0,4.0,0.0,4.0,0.0
13279,0.0,4.0,0.0,4.0,0.0
13281,0.0,4.0,0.0,4.0,0.0
13283,0.0,4.0,0.0,4.0,0.0
13285,0.0,4.0,0.0,4.0,0.0
13287,0.0,4.0,0.0,4.0,0.0
13289,0.0,4.0,0.0,4.0,0.0
13291,0.0,4.0,0.0,4.0,0.0
13293,0.0,4.0,0.0,4.0,0.0
13295,0.0,4.0,0.0,4.0,0.0
13297,0.0,4.0,0.0,4.0,0.0
13299,0.0,4.0,0.0,4.0,0.0
13301,0.0,4.0,0.0,4.0,0.0
13303,0.0,4.0,0.0,4.0,0.0
13305,0.0,4.0,0.0,4.0,0.0
13307,0.0,4.0,0.0,4.0,0.0
13309,0.0,4.0,0.0,4.0,0.0
13311,0.0,4.0,0.0,4.0,0.0
13313,0.0,4.0,0.0,4.0,0.0
13315,0.0,4.0,0.0,4.0,0.0
13317,0.0,4.0,0.0,4.0,0.0
13319,0.0,4.0,0.0,4.0,0.0
13321,0.0,4.0,0.0,4.0,0.0
15001,4.0,4.0,4.0,4.0,4.0
15003,4.0,4.0,4.0,4.0,4.0
15005,4.0,4.0,4.0,4.0,4.0
15007,4.0,4.0,4.0,4.0,4.0
15009,4.0,4.0,4.0,4.0,4.0
16001,6.0,6.0,6.0,6.0,6.0
16003,6.0,6.0,6.0,6.0,6.0
16005,6.0,6.0,6.0,6.0,6.0
16007,6.0,6.0,6.0,6.0,6.0
16009,6.0,6.0,6.0,6.0,6.0
16011,6.0,6.0,6.0,6.0,6.0
16013,6.0,6.0,6.0,6.0,6.0
16015,6.0,6.0,6.0,6.0,6.0
16017,6.0,6.0,6.0,6.0,6.0
16019,6.0,6.0,6.0,6.0,6.0
16021,6.0,6.0,6.0,6.0,6.0
16023,6.0,6.0,6.0,6.0,6.0
16025,6.0,6.0,6.0,6.0,6.0
16027,6.0,6.0,6.0,6.0,6.0
16029,6.0,6.0,6.0,6.0,6.0
16031,6.0,6.0,6.0,6.0,6.0
16033,6.0,6.0,6.0,6.0,6.0
16035,6.0,6.0,6.0,6.0,6.0
16037,6.0,6.0,6.0,6.0,6.0
16039,6.0,6.0,6.0,6.0,6.0
16041,6.0,6.0,6.0,6.0,6.0
16043,6.0,6.0,6.0,6.0,6.0
16045,6.0,6.0,6.0,6.0,6.0
16047,6.0,6.0,6.0,6.0,6.0
16049,6.0,6.0,6.0,6.0,6.0
16051,6.0,6.0,6.0,6.0,6.0
16053,6.0,6.0,6.0,6.0,6.0
16055,6.0,6.0,6.0,6.0,6.0
16057,6.0,6.0,6.0,6.0,6.0
16059,6.0,6.0,6.0,6.0,6.0
16061,6.0,6.0,6.0,6.0,6.0
16063,6.0,6.0,6.0,6.0,6.0
16065,6.0,6.0,6.0,6.0,6.0
16067,6.0,6.0,6.0,6.0,6.0
16069,6.0,6.0,6.0,6.0,6.0
16071,6.0,6.0,6.0,6.0,6.0
16073,6.0,6.0,6.0,6.0,6.0
16075,6.0,6.0,6.0,6.0,6.0
16077,6.0,6.0,6.0,6.0,6.0
16079,6.0,6.0,6.0,6.0,6.0
16081,6.0,6.0,6.0,6.0,6.0
16083,6.0,6.0,6.0,6.0,6.0
16085,6.0,6.0,6.0,6.0,6.0
16087,6.0,6.0,6.0,6.0,6.0
17001,6.25,6.25,1.0,1.0,1.0
17003,6.25,6.25,1.0,1.0,1.0
17005,6.25,6.25,1.0,1.0,1.0
17007,6.25,6.25,1.0,1.0,1.0
17009,6.25,6.25,1.0,1.0,1.0
17011,6.25,6.25,1.0,1.0,1.0
17013,6.25,6.25,1.0,1.0,1.0
17015,6.25,6.25,1.0,1.0,1.0
17017,6.25,6.25,1.0,1.0,1.0
17019,6.25,6.25,1.0,1.0,1.0
17021,6.25,6.25,1.0,1.0,1.0
17023,6.25,6.25,1.0,1.0,1.0
17025,6.25,6.25,1.0,1.0,1.0
17027,6.25,6.25,1.0,1.0,1.0
17029,6.25,6.25,1.0,1.0,1.0
17031,6.25,6.25,1.0,1.0,1.0
17033,6.25,6.25,1.0,1.0,1.0
17035,6.25,6.25,1.0,1.0,1.0
17037,6.25,6.25,1.0,1.0,1.0
17039,6.25,6.25,1.0,1.0,1.0
17041,6.25,6.25,1.0,1.0,1.0
17043,6.25,6.25,1.0,1.0,1.0
17045,6.25,6.25,1.0,1.0,1.0
17047,6.25,6.25,1.0,1.0,1.0
17049,6.25,6.25,1.0,1.0,1.0
17051,6.25,6.25,1.0,1.0,1.0
17053,6.25,6.25,1.0,1.0,1.0
17055,6.25,6.25,1.0,1.0,1.0
17057,6.25,6.25,1.0,1.0,1.0
17059,6.25,6.25,1.0,1.0,1.0
17061,6.25,6.25,1.0,1.0,1.0
17063,6.25,6.25,1.0,1.0,1.0
17065,6.25,6.25,1.0,1.0,1.0
17067,6.25,6.25,1.0,1.0,1.0
17069,6.25,6.25,1.0,1.0,1.0
17071,6.25,6.25,1.0,1.0,1.0
17073,6.25,6.25,1.0,1.0,1.0
17075,6.25,6.25,1.0,1.0,1.0
17077,6.25,6.25,1.0,1.0,1.0
17079,6.25,6.25,1.0,1.0,1.0
17081,6.25,6.25,1.0,1.0,1.0
17083,6.25,6.25,1.0,1.0,1.0
17085,6.25,6.25,1.0,1.0,1.0
17087,6.25,6.25,1.0,1.0,1.0
17089,6.25,6.25,1.0,1.0,1.0
17091,6.25,6.25,1.0,1.0,1.0
17093,6.25,6.25,1.0,1.0,1.0
17095,6.25,6.25,1.0,1.0,1.0
17097,6.25,6.25,1.0,1.0,1.0
17099,6.25,6.25,1.0,1.0,1.0
17101,6.25,6.25,1.0,1.0,1.0
17103,6.25,6.25,1.0,1.0,1.0
17105,6.25,6.25,1.0,1.0,1.0
17107,6.25,6.25,1.0,1.0,1.0
17109,6.25,6.25,1.0,1.0,1.0
17111,6.25,6.25,1.0,1.0,1.0
17113,6.25,6.25,1.0,1.0,1.0
17115,6.25,6.25,1.0,1.0,1.0
17117,6.25,6.25,1.0,1.0,1.0
17119,6.25,6.25,1.0,1.0,1.0
17121,6.25,6.25,1.0,1.0,1.0
17123,6.25,6.25,1.0,1.0,1.0
17125,6.25,6.25,1.0,1.0,1.0
17127,6.25,6.25,1.0,1.0,1.0
17129,6.25,6.25,1.0,1.0,1.0
17131,6.25,6.25,1.0,1.0,1.0
17133,6.25,6.25,1.0,1.0,1.0
17135,6.25,6.25,1.0,1.0,1.0
17137,6.25,6.25,1.0,1.0,1.0
17139,6.25,6.25,1.0,1.0,1.0
17141,6.25,6.25,1.0,1.0,1.0
17143,6.25,6.25,1.0,1.0,1.0
17145,6.25,6.25,1.0,1.0,1.0
17147,6.25,6.25,1.0,1.0,1.0
17149,6.25,6.25,1.0,1.0,1.0
17151,6.25,6.25,1.0,1.0,1.0
17153,6.25,6.25,1.0,1.0,1.0
17155,6.25,6.25,1.0,1.0,1.0
17157,6.25,6.25,1.0,1.0,1.0
17159,6.25,6.25,1.0,1.0,1.0
17161,6.25,6.25,1.0,1.0,1.0
17163,6.25,6.25,1.0,1.0,1.0
17165,6.25,6.25,1.0,1.0,1.0
17167,6.25,6.25,1.0,1.0,1.0
17169,6.25,6.25,1.0,1.0,1.0
17171,6.25,6.25,1.0,1.0,1.0
17173,6.25,6.25,1.0,1.0,1.0
17175,6.25,6.25,1.0,1.0,1.0
17177,6.25,6.25,1.0,1.0,1.0
17179,6.25,6.25,1.0,1.0,1.0
17181,6.25,6.25,1.0,1.0,1.0
17183,6.25,6.25,1.0,1.0,1.0
17185,6.25,6.25,1.0,1.0,1.0
17187,6.25,6.25,1.0,1.0,1.0
17189,6.25,6.25,1.0,1.0,1.0
17191,6.25,6.25,1.0,1.0,1.0
17193,6.25,6.25,1.0,1.0,1.0
17195,6.25,6.25,1.0,1.0,1.0
17197,6.25,6.25,1.0,1.0,1.0
17199,6.25,6.25,1.0,1.0,1.0
17201,6.25,6.25,1.0,1.0,1.0
17203,6.25,6.25,1.0,1.0,1.0
18001,7.0,7.0,0.0,7.0,0.0
18003,7.0,7.0,0.0,7.0,0.0
18005,7.0,7.0,0.0,7.0,0.0
18007,7.0,7.0,0.0,7.0,0.0
18009,7.0,7.0,0.0,7.0,0.0
18011,7.0,7.0,0.0,7.0,0.0
18013,7.0,7.0,0.0,7.0,0.0
18015,7.0,7.0,0.0,7.0,0.0
18017,7.0,7.0,0.0,7.0,0.0
18019,7.0,7.0,0.0,7.0,0.0
18021,7.0,7.0,0.0,7.0,0.0
18023,7.0,7.0,0.0,7.0,0.0
18025,7.0,7.0,0.0,7.0,0.0
18027,7.0,7.0,0.0,7.0,0.0
18029,7.0,7.0,0.0,7.0,0.0
18031,7.0,7.0,0.0,7.0,0.0
18033,7.0,7.0,0.0,7.0,0.0
18035,7.0,7.0,0.0,7.0,0.0
18037,7.0,7.0,0.0,7.0,0.0
18039,7.0,7.0,0.0,7.0,0.0
18041,7.0,7.0,0.0,7.0,0.0
18043,7.0,7.0,0.0,7.0,0.0
18045,7.0,7.0,0.0,7.0,0.0
18047,7.0,7.0,0.0,7.0,0.0
18049,7.0,7.0,0.0,7.0,0.0
18051,7.0,7.0,0.0,7.0,0.0
18053,7.0,7.0,0.0,7.0,0.0
18055,7.0,7.0,0.0,7.0,0.0
18057,7.0,7.0,0.0,7.0,0.0
18059,7.0,7.0,0.0,7.0,0.0
18061,7.0,7.0,0.0,7.0,0.0
18063,7.0,7.0,0.0,7.0,0.0
18065,7.0,7.0,0.0,7.0,0.0
18067,7.0,7.0,0.0,7.0,0.0
18069,7.0,7.0,0.0,7.0,0.0
18071,7.0,7.0,0.0,7.0,0.0
18073,7.0,7.0,0.0,7.0,0.0
18075,7.0,7.0,0.0,7.0,0.0
18077,7.0,7.0,0.0,7.0,0.0
18079,7.0,7.0,0.0,7.0,0.0
18081,7.0,7.0,0.0,7.0,0.0
18083,7.0,7.0,0.0,7.0,0.0
18085,7.0,7.0,0.0,7.0,0.0
18087,7.0,7.0,0.0,7.0,0.0
18089,7.0,7.0,0.0,7.0,0.0
18091,7.0,7.0,0.0,7.0,0.0
18093,7.0,7.0,0.0,7.0,0.0
18095,7.0,7.0,0.0,7.0,0.0
18097,7.0,7.0,0.0,7.0,0.0
18099,7.0,7.0,0.0,7.0,0.0
18101,7.0,7.0,0.0,7.0,0.0
18103,7.0,7.0,0.0,7.0,0.0
18105,7.0,7.0,0.0,7.0,0.0
18107,7.0,7.0,0.0,7.0,0.0
18109,7.0,7.0,0.0,7.0,0.0
18111,7.0,7.0,0.0,7.0,0.0
18113,7.0,7.0,0.0,7.0,0.0
18115,7.0,7.0,0.0,7.0,0.0
18117,7.0,7.0,0.0,7.0,0.0
18119,7.0,7.0,0.0,7.0,0.0
18121,7.0,7.0,0.0,7.0,0.0
18123,7.0,7.0,0.0,7.0,0.0
18125,7.0,7.0,0.0,7.0,0.0
18127,7.0,7.0,0.0,7.0,0.0
18129,7.0,7.0,0.0,7.0,0.0
18131,7.0,7.0,0.0,7.0,0.0
18133,7.0,7.0,0.0,7.0,0.0
18135,7.0,7.0,0.0,7.0,0.0
18137,7.0,7.0,0.0,7.0,0.0
18139,7.0,7.0,0.0,7.0,0.0
18141,7.0,7.0,0.0,7.0,0.0
18143,7.0,7.0,0.0,7.0,0.0
18145,7.0,7.0,0.0,7.0,0.0
18147,7.0,7.0,0.0,7.0,0.0
18149,7.0,7.0,0.0,7.0,0.0
18151,7.0,7.0,0.0,7.0,0.0
18153,7.0,7.0,0.0,7.0,0.0
18155,7.0,7.0,0.0,7.0,0.0
18157,7.0,7.0,0.0,7.0,0.0
18159,7.0,7.0,0.0,7.0,0.0
18161,7.0,7.0,0.0,7.0,0.0
18163,7.0,7.0,0.0,7.0,0.0
18165,7.0,7.0,0.0,7.0,0.0
18167,7.0,7.0,0.0,7.0,0.0
18169,7.0,7.0,0.0,7.0,0.0
18171,7.0,7.0,0.0,7.0,0.0
18173,7.0,7.0,0.0,7.0,0.0
18175,7.0,7.0,0.0,7.0,0.0
18177,7.0,7.0,0.0,7.0,0.0
18179,7.0,7.0,0.0,7.0,0.0
18181,7.0,7.0,0.0,7.0,0.0
18183,7.0,7.0,0.0,7.0,0.0
19001,6.0,6.0,0.0,6.0,0.0
19003,6.0,6.0,0.0,6.0,0.0
19005,6.0,6.0,0.0,6.0,0.0
19007,6.0,6.0,0.0,6.0,0.0
19009,6.0,6.0,0.0,6.0,0.0
19011,6.0,6.0,0.0,6.0,0.0
19013,6.0,6.0,0.0,6.0,0.0
19015,6.0,6.0,0.0,6.0,0.0
19017,6.0,6.0,0.0,6.0,0.0
19019,6.0,6.0,0.0,6.0,0.0
19021,6.0,6.0,0.0,6.0,0.0
19023,6.0,6.0,0.0,6.0,0.0
19025,6.0,6.0,0.0,6.0,0.0
19027,6.0,6.0,0.0,6.0,0.0
19029,6.0,6.0,0.0,6.0,0.0
19031,6.0,6.0,0.0,6.0,0.0
19033,6.0,6.0,0.0,6.0,0.0
19035,6.0,6.0,0.0,6.0,0.0
19037,6.0,6.0,0.0,6.0,0.0
19039,6.0,6.0,0.0,6.0,0.0
19041,6.0,6.0,0.0,6.0,0.0
19043,6.0,6.0,0.0,6.0,0.0
19045,6.0,6.0,0.0,6.0,0.0
19047,6.0,6.0,0.0,6.0,0.0
19049,6.0,6.0,0.0,6.0,0.0
19051,6.0,6.0,0.0,6.0,0.0
19053,6.0,6.0,0.0,6.0,0.0
19055,6.0,6.0,0.0,6.0,0.0
19057,6.0,6.0,0.0,6.0,0.0
19059,6.0,6.0,0.0,6.0,0.0
19061,6.0,6.0,0.0,6.0,0.0
19063,6.0,6.0,0.0,6.0,0.0
19065,6.0,6.0,0.0,6.0,0.0
19067,6.0,6.0,0.0,6.0,0.0
19069,6.0,6.0,0.0,6.0,0.0
19071,6.0,6.0,0.0,6.0,0.0
19073,6.0,6.0,0.0,6.0,0.0
19075,6.0,6.0,0.0,6.0,0.0
19077,6.0,6.0,0.0,6.0,0.0
19079,6.0,6.0,0.0,6.0,0.0
19081,6.0,6.0,0.0,6.0,0.0
19083,6.0,6.0,0.0,6.0,0.0
19085,6.0,6.0,0.0,6.0,0.0
19087,6.0,6.0,0.0,6.0,0.0
19089,6.0,6.0,0.0,6.0,0.0
19091,6.0,6.0,0.0,6.0,0.0
19093,6.0,6.0,0.0,6.0,0.0
19095,6.0,6.0,0.0,6.0,0.0
19097,6.0,6.0,0.0,6.0,0.0
19099,6.0,6.0,0.0,6.0,0.0
19101,6.0,6.0,0.0,6.0,0.0
19103,6.0,6.0,0.0,6.0,0.0
19105,6.0,6.0,0.0,6.0,0.0
19107,6.0,6.0,0.0,6.0,0.0
19109,6.0,6.0,0.0,6.0,0.0
19111,6.0,6.0,0.0,6.0,0.0
19113,6.0,6.0,0.0,6.0,0.0
19115,6.0,6.0,0.0,6.0,0.0
19117,6.0,6.0,0.0,6.0,0.0
19119,6.0,6.0,0.0,6.0,0.0
19121,6.0,6.0,0.0,6.0,0.0
19123,6.0,6.0,0.0,6.0,0.0
19125,6.0,6.0,0.0,6.0,0.0
19127,6.0,6.0,0.0,6.0,0.0
19129,6.0,6.0,0.0,6.0,0.0
19131,6.0,6.0,0.0,6.0,0.0
19133,6.0,6.0,0.0,6.0,0.0
19135,6.0,6.0,0.0,6.0,0.0
19137,6.0,6.0,0.0,6.0,0.0
19139,6.0,6.0,0.0,6.0,0.0
19141,6.0,6.0,0.0,6.0,0.0
19143,6.0,6.0,0.0,6.0,0.0
19145,6.0,6.0,0.0,6.0,0.0
19147,6.0,6.0,0.0,6.0,0.0
19149,6.0,6.0,0.0,6.0,0.0
19151,6.0,6.0,0.0,6.0,0.0
19153,6.0,6.0,0.0,6.0,0.0
19155,6.0,6.0,0.0,6.0,0.0
19157,6.0,6.0,0.0,6.0,0.0
19159,6.0,6.0,0.0,6.0,0.0
19161,6.0,6.0,0.0,6.0,0.0
19163,6.0,6.0,0.0,6.0,0.0
19165,6.0,6.0,0.0,6.0,0.0
19167,6.0,6.0,0.0,6.0,0.0
19169,6.0,6.0,0.0,6.0,0.0
19171,6.0,6.0,0.0,6.0,0.0
19173,6.0,6.0,0.0,6.0,0.0
19175,6.0,6.0,0.0,6.0,0.0
19177,6.0,6.0,0.0,6.0,0.0
19179,6.0,6.0,0.0,6.0,0.0
19181,6.0,6.0,0.0,6.0,0.0
19183,6.0,6.0,0.0,6.0,0.0
19185,6.0,6.0,0.0,6.0,0.0
19187,6.0,6.0,0.0,6.0,0.0
19189,6.0,6.0,0.0,6.0,0.0
19191,6.0,6.0,0.0,6.0,0.0
19193,6.0,6.0,0.0,6.0,0.0
19195,6.0,6.0,0.0,6.0,0.0
19197,6.0,6.0,0.0,6.0,0.0
20001,6.15,6.15,6.15,6.15,6.15
20003,6.15,6.15,6.15,6.15,6.15
20005,6.15,6.15,6.15,6.15,6.15
20007,6.15,6.15,6.15,6.15,6.15
20009,6.15,6.15,6.15,6.15,6.15
20011,6.15,6.15,6.15,6.15,6.15
20013,6.15,6.15,6.15,6.15,6.15
20015,6.15,6.15,6.15,6.15,6.15
20017,6.15,6.15,6.15,6.15,6.15
20019,6.15,6.15,6.15,6.15,6.15
20021,6.15,6.15,6.15,6.15,6.15
20023,6.15,6.15,6.15,6.15,6.15
20025,6.15,6.15,6.15,6.15,6.15
20027,6.15,6.15,6.15,6.15,6.15
20029,6.15,6.15,6.15,6.15,6.15
20031,6.15,6.15,6.15,6.15,6.15
20033,6.15,6.15,6.15,6.15,6.15
20035,6.15,6.15,6.15,6.15,6.15
20037,6.15,6.15,6.15,6.15,6.15
20039,6.15,6.15,6.15,6.15,6.15
20041,6.15,6.15,6.15,6.15,6.15
20043,6.15,6.15,6.15,6.15,6.15
20045,6.15,6.15,6.15,6.15,6.15
20047,6.15,6.15,6.15,6.15,6.15
20049,6.15,6.15,6.15,6.15,6.15
20051,6.15,6.15,6.15,6.15,6.15
20053,6.15,6.15,6.15,6.15,6.15
20055,6.15,6.15,6.15,6.15,6.15
20057,6.15,6.15,6.15,6.15,6.15
20059,6.15,6.15,6.15,6.15,6.15
20061,6.15,6.15,6.15,6.15,6.15
20063,6.15,6.15,6.15,6.15,6.15
20065,6.15,6.15,6.15,6.15,6.15
20067,6.15,6.15,6.15,6.15,6.15
20069,6.15,6.15,6.15,6.15,6.15
20071,6.15,6.15,6.15,6.15,6.15
20073,6.15,6.15,6.15,6.15,6.15
20075,6.15,6.15,6.15,6.15,6.15
20077,6.15,6.15,6.15,6.15,6.15
20079,6.15,6.15,6.15,6.15,6.15
20081,6.15,6.15,6.15,6.15,6.15
20083,6.15,6.15,6.15,6.15,6.15
20085,6.15,6.15,6.15,6.15,6.15
20087,6.15,6.15,6.15,6.15,6.15
20089,6.15,6.15,6.15,6.15,6.15
20091,6.15,6.15,6.15,6.15,6.15
20093,6.15,6.15,6.15,6.15,6.15
20095,6.15,6.15,6.15,6.15,6.15
20097,6.15,6.15,6.15,6.15,6.15
20099,6.15,6.15,6.15,6.15,6.15
20101,6.15,6.15,6.15,6.15,6.15
20103,6.15,6.15,6.15,6.15,6.15
20105,6.15,6.15,6.15,6.15,6.15
20107,6.15,6.15,6.15,6.15,6.15
20109,6.15,6.15,6.15,6.15,6.15
20111,6.15,6.15,6.15,6.15,6.15
20113,6.15,6.15,6.15,6.15,6.15
20115,6.15,6.15,6.15,6.15,6.15
20117,6.15,6.15,6.15,6.15,6.15
20119,6.15,6.15,6.15,6.15,6.15
20121,6.15,6.15,6.15,6.15,6.15
20123,6.15,6.15,6.15,6.15,6.15
20125,6.15,6.15,6.15,6.15,6.15
20127,6.15,6.15,6.15,6.15,6.15
20129,6.15,6.15,6.15,6.15,6.15
20131,6.15,6.15,6.15,6.15,6.15
20133,6.15,6.15,6.15,6.15,6.15
20135,6.15,6.15,6.15,6.15,6.15
20137,6.15,6.15,6.15,6.15,6.15
20139,6.15,6.15,6.15,6.15,6.15
20141,6.15,6.15,6.15,6.15,6.15
20143,6.15,6.15,6.15,6.15,6.15
20145,6.15,6.15,6.15,6.15,6.15
20147,6.15,6.15,6.15,6.15,6.15
20149,6.15,6.15,6.15,6.15,6.15
20151,6.15,6.15,6.15,6.15,6.15
20153,6.15,6.15,6.15,6.15,6.15
20155,6.15,6.15,6.15,6.15,6.15
20157,6.15,6.15,6.15,6.15,6.15
20159,6.15,6.15,6.15,6.15,6.15
20161,6.15,6.15,6.15,6.15,6.15
20163,6.15,6.15,6.15,6.15,6.15
20165,6.15,6.15,6.15,6.15,6.15
20167,6.15,6.15,6.15,6.15,6.15
20169,6.15,6.15,6.15,6.15,6.15
20171,6.15,6.15,6.15,6.15,6.15
20173,6.15,6.15,6.15,6.15,6.15
20175,6.15,6.15,6.15,6.15,6.15
20177,6.15,6.15,6.15,6.15,6.15
20179,6.15,6.15,6.15,6.15,6.15
20181,6.15,6.15,6.15,6.15,6.15
20183,6.15,6.15,6.15,6.15,6.15
20185,6.15,6.15,6.15,6.15,6.15
20187,6.15,6.15,6.15,6.15,6.15
20189,6.15,6.15,6.15,6.15,6.15
20191,6.15,6.15,6.15,6.15,6.15
20193,6.15,6.15,6.15,6.15,6.15
20195,6.15,6.15,6.15,6.15,6.15
20197,6.15,6.15,6.15,6.15,6.15
20199,6.15,6.15,6.15,6.15,6.15
20201,6.15,6.15,6.15,6.15,6.15
20203,6.15,6.15,6.15,6.15,6.15
20205,6.15,6.15,6.15,6.15,6.15
20207,6.15,6.15,6.15,6.15,6.15
20209,6.15,6.15,6.15,6.15,6.15
21001,6.0,6.0,0.0,6.0,0.0
21003,6.0,6.0,0.0,6.0,0.0
21005,6.0,6.0,0.0,6.0,0.0
21007,6.0,6.0,0.0,6.0,0.0
21009,6.0,6.0,0.0,6.0,0.0
21011,6.0,6.0,0.0,6.0,0.0
21013,6.0,6.0,0.0,6.0,0.0
21015,6.0,6.0,0.0,6.0,0.0
21017,6.0,6.0,0.0,6.0,0.0
21019,6.0,6.0,0.0,6.0,0.0
21021,6.0,6.0,0.0,6.0,0.0
21023,6.0,6.0,0.0,6.0,0.0
21025,6.0,6.0,0.0,6.0,0.0
21027,6.0,6.0,0.0,6.0,0.0
21029,6.0,6.0,0.0,6.0,0.0
21031,6.0,6.0,0.0,6.0,0.0
21033,6.0,6.0,0.0,6.0,0.0
21035,6.0,6.0,0.0,6.0,0.0
21037,6.0,6.0,0.0,6.0,0.0
21039,6.0,6.0,0.0,6.0,0.0
21041,6.0,6.0,0.0,6.0,0.0
21043,6.0,6.0,0.0,6.0,0.0
21045,6.0,6.0,0.0,6.0,0.0
21047,6.0,6.0,0.0,6.0,0.0
21049,6.0,6.0,0.0,6.0,0.0
21051,6.0,6.0,0.0,6.0,0.0
21053,6.0,6.0,0.0,6.0,0.0
21055,6.0,6.0,0.0,6.0,0.0
21057,6.0,6.0,0.0,6.0,0.0
21059,6.0,6.0,0.0,6.0,0.0
21061,6.0,6.0,0.0,6.0,0.0
21063,6.0,6.0,0.0,6.0,0.0
21065,6.0,6.0,0.0,6.0,0.0
21067,6.0,6.0,0.0,6.0,0.0
21069,6.0,6.0,0.0,6.0,0.0
21071,6.0,6.0,0.0,6.0,0.0
21073,6.0,6.0,0.0,6.0,0.0
21075,6.0,6.0,0.0,6.0,0.0
21077,6.0,6.0,0.0,6.0,0.0
21079,6.0,6.0,0.0,6.0,0.0
21081,6.0,6.0,0.0,6.0,0.0
21083,6.0,6.0,0.0,6.0,0.0
21085,6.0,6.0,0.0,6.0,0.0
21087,6.0,6.0,0.0,6.0,0.0
21089,6.0,6.0,0.0,6.0,0.0
21091,6.0,6.0,0.0,6.0,0.0
21093,6.0,6.0,0.0,6.0,0.0
21095,6.0,6.0,0.0,6.0,0.0
21097,6.0,6.0,0.0,6.0,0.0
21099,6.0,6.0,0.0,6.0,0.0
21101,6.0,6.0,0.0,6.0,0.0
21103,6.0,6.0,0.0,6.0,0.0
21105,6.0,6.0,0.0,6.0,0.0
21107,6.0,6.0,0.0,6.0,0.0
21109,6.0,6.0,0.0,6.0,0.0
21111,6.0,6.0,0.0,6.0,0.0
21113,6.0,6.0,0.0,6.0,0.0
21115,6.0,6.0,0.0,6.0,0.0
21117,6.0,6.0,0.0,6.0,0.0
21119,6.0,6.0,0.0,6.0,0.0
21121,6.0,6.0,0.0,6.0,0.0
21123,6.0,6.0,0.0,6.0,0.0
21125,6.0,6.0,0.0,6.0,0.0
21127,6.0,6.0,0.0,6.0,0.0
21129,6.0,6.0,0.0,6.0,0.0
21131,6.0,6.0,0.0,6.0,0.0
21133,6.0,6.0,0.0,6.0,0.0
21135,6.0,6.0,0.0,6.0,0.0
21137,6.0,6.0,0.0,6.0,0.0
21139,6.0,6.0,0.0,6.0,0.0
21141,6.0,6.0,0.0,6.0,0.0
21143,6.0,6.0,0.0,6.0,0.0
21145,6.0,6.0,0.0,6.0,0.0
21147,6.0,6.0,0.0,6.0,0.0
21149,6.0,6.0,0.0,6.0,0.0
21151,6.0,6.0,0.0,6.0,0.0
21153,6.0,6.0,0.0,6.0,0.0
21155,6.0,6.0,0.0,6.0,0.0
21157,6.0,6.0,0.0,6.0,0.0
21159,6.0,6.0,0.0,6.0,0.0
21161,6.0,6.0,0.0,6.0,0.0
21163,6.0,6.0,0.0,6.0,0.0
21165,6.0,6.0,0.0,6.0,0.0
21167,6.0,6.0,0.0,6.0,0.0
21169,6.0,6.0,0.0,6.0,0.0
21171,6.0,6.0,0.0,6.0,0.0
21173,6.0,6.0,0.0,6.0,0.0
21175,6.0,6.0,0.0,6.0,0.0
21177,6.0,6.0,0.0,6.0,0.0
21179,6.0,6.0,0.0,6.0,0.0
21181,6.0,6.0,0.0,6.0,0.0
21183,6.0,6.0,0.0,6.0,0.0
21185,6.0,6.0,0.0,6.0,0.0
21187,6.0,6.0,0.0,6.0,0.0
21189,6.0,6.0,0.0,6.0,0.0
21191,6.0,6.0,0.0,6.0,0.0
21193,6.0,6.0,0.0,6.0,0.0
21195,6.0,6.0,0.0,6.0,0.0
21197,6.0,6.0,0.0,6.0,0.0
21199,6.0,6.0,0.0,6.0,0.0
21201,6.0,6.0,0.0,6.0,0.0
21203,6.0,6.0,0.0,6.0,0.0
21205,6.0,6.0,0.0,6.0,0.0
21207,6.0,6.0,0.0,6.0,0.0
21209,6.0,6.0,0.0,6.0,0.0
21211,6.0,6.0,0.0,6.0,0.0
21213,6.0,6.0,0.0,6.0,0.0
21215,6.0,6.0,0.0,6.0,0.0
21217,6.0,6.0,0.0,6.0,0.0
21219,6.0,6.0,0.0,6.0,0.0
21221,6.0,6.0,0.0,6.0,0.0
21223,6.0,6.0,0.0,6.0,0.0
21225,6.0,6.0,0.0,6.0,0.0
21227,6.0,6.0,0.0,6.0,0.0
21229,6.0,6.0,0.0,6.0,0.0
21231,6.0,6.0,0.0,6.0,0.0
21233,6.0,6.0,0.0,6.0,0.0
21235,6.0,6.0,0.0,6.0,0.0
21237,6.0,6.0,0.0,6.0,0.0
21239,6.0,6.0,0.0,6.0,0.0
22001,0.0,0.0,0.0,0.0,0.0
22003,0.0,0.0,0.0,0.0,0.0
22005,0.0,0.0,0.0,0.0,0.0
22007,0.0,0.0,0.0,0.0,0.0
22009,0.0,0.0,0.0,0.0,0.0
22011,0.0,0.0,0.0,0.0,0.0
22013,0.0,0.0,0.0,0.0,0.0
22015,0.0,0.0,0.0,0.0,0.0
22017,0.0,0.0,0.0,0.0,0.0
22019,0.0,0.0,0.0,0.0,0.0
22021,0.0,0.0,0.0,0.0,0.0
22023,0.0,0.0,0.0,0.0,0.0
22025,0.0,0.0,0.0,0.0,0.0
22027,0.0,0.0,0.0,0.0,0.0
22029,0.0,0.0,0.0,0.0,0.0
22031,0.0,0.0,0.0,0.0,0.0
22033,0.0,0.0,0.0,0.0,0.0
22035,0.0,0.0,0.0,0.0,0.0
22037,0.0,0.0,0.0,0.0,0.0
22039,0.0,0.0,0.0,0.0,0.0
22041,0.0,0.0,0.0,0.0,0.0
22043,0.0,0.0,0.0,0.0,0.0
22045,0.0,0.0,0.0,0.0,0.0
22047,0.0,0.0,0.0,0.0,0.0
22049,0.0,0.0,0.0,0.0,0.0
22051,0.0,0.0,0.0,0.0,0.0
22053,0.0,0.0,0.0,0.0,0.0
22055,0.0,0.0,0.0,0.0,0.0
22057,0.0,0.0,0.0,0.0,0.0
22059,0.0,0.0,0.0,0.0,0.0
22061,0.0,0.0,0.0,0.0,0.0
22063,0.0,0.0,0.0,0.0,0.0
22065,0.0,0.0,0.0,0.0,0.0
22067,0.0,0.0,0.0,0.0,0.0
22069,0.0,0.0,0.0,0.0,0.0
22071,0.0,0.0,0.0,0.0,0.0
22073,0.0,0.0,0.0,0.0,0.0
22075,0.0,0.0,0.0,0.0,0.0
22077,0.0,0.0,0.0,0.0,0.0
22079,0.0,0.0,0.0,0.0,0.0
22081,0.0,0.0,0.0,0.0,0.0
22083,0.0,0.0,0.0,0.0,0.0
22085,0.0,0.0,0.0,0.0,0.0
22087,0.0,0.0,0.0,0.0,0.0
22089,0.0,0.0,0.0,0.0,0.0
22091,0.0,0.0,0.0,0.0,0.0
22093,0.0,0.0,0.0,0.0,0.0
22095,0.0,0.0,0.0,0.0,0.0
22097,0.0,0.0,0.0,0.0,0.0
22099,0.0,0.0,0.0,0.0,0.0
22101,0.0,0.0,0.0,0.0,0.0
22103,0.0,0.0,0.0,0.0,0.0
22105,0.0,0.0,0.0,0.0,0.0
22107,0.0,0.0,0.0,0.0,0.0
22109,0.0,0.0,0.0,0.0,0.0
22111,0.0,0.0,0.0,0.0,0.0
22113,0.0,0.0,0.0,0.0,0.0
22115,0.0,0.0,0.0,0.0,0.0
22117,0.0,0.0,0.0,0.0,0.0
22119,0.0,0.0,0.0,0.0,0.0
22121,0.0,0.0,0.0,0.0,0.0
22123,0.0,0.0,0.0,0.0,0.0
22125,0.0,0.0,0.0,0.0,0.0
22127,0.0,0.0,0.0,0.0,0.0
23001,5.5,5.5,0.0,5.5,0.0
23003,5.5,5.5,0.0,5.5,0.0
23005,5.5,5.5,0.0,5.5,0.0
23007,5.5,5.5,0.0,5.5,0.0
23009,5.5,5.5,0.0,5.5,0.0
23011,5.5,5.5,0.0,5.5,0.0
23013,5.5,5.5,0.0,5.5,0.0
23015,5.5,5.5,0.0,5.5,0.0
23017,5.5,5.5,0.0,5.5,0.0
23019,5.5,5.5,0.0,5.5,0.0
23021,5.5,5.5,0.0,5.5,0.0
23023,5.5,5.5,0.0,5.5,0.0
23025,5.5,5.5,0.0,5.5,0.0
23027,5.5,5.5,0.0,5.5,0.0
23029,5.5,5.5,0.0,5.5,0.0
23031,5.5,5.5,0.0,5.5,0.0
24001,6.0,6.0,0.0,0.0,0.0
24003,6.0,6.0,0.0,0.0,0.0
24005,6.0,6.0,0.0,0.0,0.0
24009,6.0,6.0,0.0,0.0,0.0
24011,6.0,6.0,0.0,0.0,0.0
24013,6.0,6.0,0.0,0.0,0.0
24015,6.0,6.0,0.0,0.0,0.0
24017,6.0,6.0,0.0,0.0,0.0
24019,6.0,6.0,0.0,0.0,0.0
24021,6.0,6.0,0.0,0.0,0.0
24023,6.0,6.0,0.0,0.0,0.0
24025,6.0,6.0,0.0,0.0,0.0
24027,6.0,6.0,0.0,0.0,0.0
24029,6.0,6.0,0.0,0.0,0.0
24031,6.0,6.0,0.0,0.0,0.0
24033,6.0,6.0,0.0,0.0,0.0
24035,6.0,6.0,0.0,0.0,0.0
24037,6.0,6.0,0.0,0.0,0.0
24039,6.0,6.0,0.0,0.0,0.0
24041,6.0,6.0,0.0,0.0,0.0
24043,6.0,6.0,0.0,0.0,0.0
24045,6.0,6.0,0.0,0.0,0.0
24047,6.0,6.0,0.0,0.0,0.0
24510,6.0,6.0,0.0,0.0,0.0
25001,0.0,0.0,0.0,0.0,0.0
25003,0.0,0.0,0.0,0.0,0.0
25005,0.0,0.0,0.0,0.0,0.0
25007,0.0,0.0,0.0,0.0,0.0
25009,0.0,0.0,0.0,0.0,0.0
25011,0.0,0.0,0.0,0.0,0.0
25013,0.0,0.0,0.0,0.0,0.0
25015,0.0,0.0,0.0,0.0,0.0
25017,0.0,0.0,0.0,0.0,0.0
25019,0.0,0.0,0.0,0.0,0.0
25021,0.0,0.0,0.0,0.0,0.0
25023,0.0,0.0,0.0,0.0,0.0
25025,0.0,0.0,0.0,0.0,0.0
25027,0.0,0.0,0.0,0.0,0.0
26001,0.0,0.0,0.0,0.0,0.0
26003,0.0,0.0,0.0,0.0,0.0
26005,0.0,0.0,0.0,0.0,0.0
26007,0.0,0.0,0.0,0.0,0.0
26009,0.0,0.0,0.0,0.0,0.0
26011,0.0,0.0,0.0,0.0,0.0
26013,0.0,0.0,0.0,0.0,0.0
26015,0.0,0.0,0.0,0.0,0.0
26017,0.0,0.0,0.0,0.0,0.0
26019,0.0,0.0,0.0,0.0,0.0
26021,0.0,0.0,0.0,0.0,0.0
26023,0.0,0.0,0.0,0.0,0.0
26025,0.0,0.0,0.0,0.0,0.0
26027,0.0,0.0,0.0,0.0,0.0
26029,0.0,0.0,0.0,0.0,0.0
26031,0.0,0.0,0.0,0.0,0.0
26033,0.0,0.0,0.0,0.0,0.0
26035,0.0,0.0,0.0,0.0,0.0
26037,0.0,0.0,0.0,0.0,0.0
26039,0.0,0.0,0.0,0.0,0.0
26041,0.0,0.0,0.0,0.0,0.0
26043,0.0,0.0,0.0,0.0,0.0
26045,0.0,0.0,0.0,0.0,0.0
26047,0.0,0.0,0.0,0.0,0.0
26049,0.0,0.0,0.0,0.0,0.0
26051,0.0,0.0,0.0,0.0,0.0
26053,0.0,0.0,0.0,0.0,0.0
26055,0.0,0.0,0.0,0.0,0.0
26057,0.0,0.0,0.0,0.0,0.0
26059,0.0,0.0,0.0,0.0,0.0
26061,0.0,0.0,0.0,0.0,0.0
26063,0.0,0.0,0.0,0.0,0.0
26065,0.0,0.0,0.0,0.0,0.0
26067,0.0,0.0,0.0,0.0,0.0
26069,0.0,0.0,0.0,0.0,0.0
26071,0.0,0.0,0.0,0.0,0.0
26073,0.0,0.0,0.0,0.0,0.0
26075,0.0,0.0,0.0,0.0,0.0
26077,0.0,0.0,0.0,0.0,0.0
26079,0.0,0.0,0.0,0.0,0.0
26081,0.0,0.0,0.0,0.0,0.0
26083,0.0,0.0,0.0,0.0,0.0
26085,0.0,0.0,0.0,0.0,0.0
26087,0.0,0.0,0.0,0.0,0.0
26089,0.0,0.0,0.0,0.0,0.0
26091,0.0,0.0,0.0,0.0,0.0
26093,0.0,0.0,0.0,0.0,0.0
26095,0.0,0.0,0.0,0.0,0.0
26097,0.0,0.0,0.0,0.0,0.0
26099,0.0,0.0,0.0,0.0,0.0
26101,0.0,0.0,0.0,0.0,0.0
26103,0.0,0.0,0.0,0.0,0.0
26105,0.0,0.0,0.0,0.0,0.0
26107,0.0,0.0,0.0,0.0,0.0
26109,0.0,0.0,0.0,0.0,0.0
26111,0.0,0.0,0.0,0.0,0.0
26113,0.0,0.0,0.0,0.0,0.0
26115,0.0,0.0,0.0,0.0,0.0
26117,0.0,0.0,0.0,0.0,0.0
26119,0.0,0.0,0.0,0.0,0.0
26121,0.0,0.0,0.0,0.0,0.0
26123,0.0,0.0,0.0,0.0,0.0
26125,0.0,0.0,0.0,0.0,0.0
26127,0.0,0.0,0.0,0.0,0.0
26129,0.0,0.0,0.0,0.0,0.0
26131,0.0,0.0,0.0,0.0,0.0
26133,0.0,0.0,0.0,0.0,0.0
26135,0.0,0.0,0.0,0.0,0.0
26137,0.0,0.0,0.0,0.0,0.0
26139,0.0,0.0,0.0,0.0,0.0
26141,0.0,0.0,0.0,0.0,0.0
26143,0.0,0.0,0.0,0.0,0.0
26145,0.0,0.0,0.0,0.0,0.0
26147,0.0,0.0,0.0,0.0,0.0
26149,0.0,0.0,0.0,0.0,0.0
26151,0.0,0.0,0.0,0.0,0.0
26153,0.0,0.0,0.0,0.0,0.0
26155,0.0,0.0,0.0,0.0,0.0
26157,0.0,0.0,0.0,0.0,0.0
26159,0.0,0.0,0.0,0.0,0.0
26161,0.0,0.0,0.0,0.0,0.0
26163,0.0,0.0,0.0,0.0,0.0
26165,0.0,0.0,0.0,0.0,0.0
27001,6.875,6.875,0.0,6.875,0.0
27003,6.875,6.875,0.0,6.875,0.0
27005,6.875,6.875,0.0,6.875,0.0
27007,6.875,6.875,0.0,6.875,0.0
27009,6.875,6.875,0.0,6.875,0.0
27011,6.875,6.875,0.0,6.875,0.0
27013,6.875,6.875,0.0,6.875,0.0
27015,6.875,6.875,0.0,6.875,0.0
27017,6.875,6.875,0.0,6.875,0.0
27019,6.875,6.875,0.0,6.875,0.0
27021,6.875,6.875,0.0,6.875,0.0
27023,6.875,6.875,0.0,6.875,0.0
27025,6.875,6.875,0.0,6.875,0.0
27027,6.875,6.875,0.0,6.875,0.0
27029,6.875,6.875,0.0,6.875,0.0
27031,6.875,6.875,0.0,6.875,0.0
27033,6.875,6.875,0.0,6.875,0.0
27035,6.875,6.875,0.0,6.875,0.0
27037,6.875,6.875,0.0,6.875,0.0
27039,6.875,6.875,0.0,6.875,0.0
27041,6.875,6.875,0.0,6.875,0.0
27043,6.875,6.875,0.0,6.875,0.0
27045,6.875,6.875,0.0,6.875,0.0
27047,6.875,6.875,0.0,6.875,0.0
27049,6.875,6.875,0.0,6.875,0.0
27051,6.875,6.875,0.0,6.875,0.0
27053,6.875,6.875,0.0,6.875,0.0
27055,6.875,6.875,0.0,6.875,0.0
27057,6.875,6.875,0.0,6.875,0.0
27059,6.875,6.875,0.0,6.875,0.0
27061,6.875,6.875,0.0,6.875,0.0
27063,6.875,6.875,0.0,6.875,0.0
27065,6.875,6.875,0.0,6.875,0.0
27067,6.875,6.875,0.0,6.875,0.0
27069,6.875,6.875,0.0,6.875,0.0
27071,6.875,6.875,0.0,6.875,0.0
27073,6.875,6.875,0.0,6.875,0.0
27075,6.875,6.875,0.0,6.875,0.0
27077,6.875,6.875,0.0,6.875,0.0
27079,6.875,6.875,0.0,6.875,0.0
27081,6.875,6.875,0.0,6.875,0.0
27083,6.875,6.875,0.0,6.875,0.0
27085,6.875,6.875,0.0,6.875,0.0
27087,6.875,6.875,0.0,6.875,0.0
27089,6.875,6.875,0.0,6.875,0.0
27091,6.875,6.875,0.0,6.875,0.0
27093,6.875,6.875,0.0,6.875,0.0
27095,6.875,6.875,0.0,6.875,0.0
27097,6.875,6.875,0.0,6.875,0.0
27099,6.875,6.875,0.0,6.875,0.0
27101,6.875,6.875,0.0,6.875,0.0
27103,6.875,6.875,0.0,6.875,0.0
27105,6.875,6.875,0.0,6.875,0.0
27107,6.875,6.875,0.0,6.875,0.0
27109,6.875,6.875,0.0,6.875,0.0
27111,6.875,6.875,0.0,6.875,0.0
27113,6.875,6.875,0.0,6.875,0.0
27115,6.875,6.875,0.0,6.875,0.0
27117,6.875,6.875,0.0,6.875,0.0
27119,6.875,6.875,0.0,6.875,0.0
27121,6.875,6.875,0.0,6.875,0.0
27123,6.875,6.875,0.0,6.875,0.0
27125,6.875,6.875,0.0,6.875,0.0
27127,6.875,6.875,0.0,6.875,0.0
27129,6.875,6.875,0.0,6.875,0.0
27131,6.875,6.875,0.0,6.875,0.0
27133,6.875,6.875,0.0,6.875,0.0
27135,6.875,6.875,0.0,6.875,0.0
27137,6.875,6.875,0.0,6.875,0.0
27139,6.875,6.875,0.0,6.875,0.0
27141,6.875,6.875,0.0,6.875,0.0
27143,6.875,6.875,0.0,6.875,0.0
27145,6.875,6.875,0.0,6.875,0.0
27147,6.875,6.875,0.0,6.875,0.0
27149,6.875,6.875,0.0,6.875,0.0
27151,6.875,6.875,0.0,6.875,0.0
27153,6.875,6.875,0.0,6.875,0.0
27155,6.875,6.875,0.0,6.875,0.0
27157,6.875,6.875,0.0,6.875,0.0
27159,6.875,6.875,0.0,6.875,0.0
27161,6.875,6.875,0.0,6.875,0.0
27163,6.875,6.875,0.0,6.875,0.0
27165,6.875,6.875,0.0,6.875,0.0
27167,6.875,6.875,0.0,6.875,0.0
27169,6.875,6.875,0.0,6.875,0.0
27171,6.875,6.875,0.0,6.875,0.0
27173,6.875,6.875,0.0,6.875,0.0
28001,7.0,8.0,7.0,8.0,7.0
28003,7.0,8.0,7.0,8.0,7.0
28005,7.0,8.0,7.0,8.0,7.0
28007,7.0,8.0,7.0,8.0,7.0
28009,7.0,8.0,7.0,8.0,7.0
28011,7.0,8.0,7.0,8.0,7.0
28013,7.0,8.0,7.0,8.0,7.0
28015,7.0,8.0,7.0,8.0,7.0
28017,7.0,8.0,7.0,8.0,7.0
28019,7.0,8.0,7.0,8.0,7.0
28021,7.0,8.0,7.0,8.0,7.0
28023,7.0,8.0,7.0,8.0,7.0
28025,7.0,8.0,7.0,8.0,7.0
28027,7.0,8.0,7.0,8.0,7.0
28029,7.0,8.0,7.0,8.0,7.0
28031,7.0,8.0,7.0,8.0,7.0
28033,7.0,8.0,7.0,8.0,7.0
28035,7.0,8.0,7.0,8.0,7.0
28037,7.0,8.0,7.0,8.0,7.0
28039,7.0,8.0,7.0,8.0,7.0
28041,7.0,8.0,7.0,8.0,7.0
28043,7.0,8.0,7.0,8.0,7.0
28045,7.0,8.0,7.0,8.0,7.0
28047,7.0,8.0,7.0,8.0,7.0
28049,7.0,8.0,7.0,8.0,7.0
28051,7.0,8.0,7.0,8.0,7.0
28053,7.0,8.0,7.0,8.0,7.0
28055,7.0,8.0,7.0,8.0,7.0
28057,7.0,8.0,7.0,8.0,7.0
28059,7.0,8.0,7.0,8.0,7.0
28061,7.0,8.0,7.0,8.0,7.0
28063,7.0,8.0,7.0,8.0,7.0
28065,7.0,8.0,7.0,8.0,7.0
28067,7.0,8.0,7.0,8.0,7.0
28069,7.0,8.0,7.0,8.0,7.0
28071,7.0,8.0,7.0,8.0,7.0
28073,7.0,8.0,7.0,8.0,7.0
28075,7.0,8.0,7.0,8.0,7.0
28077,7.0,8.0,7.0,8.0,7.0
28079,7.0,8.0,7.0,8.0,7.0
28081,7.0,8.0,7.0,8.0,7.0
28083,7.0,8.0,7.0,8.0,7.0
28085,7.0,8.0,7.0,8.0,7.0
28087,7.0,8.0,7.0,8.0,7.0
28089,7.0,8.0,7.0,8.0,7.0
28091,7.0,8.0,7.0,8.0,7.0
28093,7.0,8.0,7.0,8.0,7.0
28095,7.0,8.0,7.0,8.0,7.0
28097,7.0,8.0,7.0,8.0,7.0
28099,7.0,8.0,7.0,8.0,7.0
28101,7.0,8.0,7.0,8.0,7.0
28103,7.0,8.0,7.0,8.0,7.0
28105,7.0,8.0,7.0,8.0,7.0
28107,7.0,8.0,7.0,8.0,7.0
28109,7.0,8.0,7.0,8.0,7.0
28111,7.0,8.0,7.0,8.0,7.0
28113,7.0,8.0,7.0,8.0,7.0
28115,7.0,8.0,7.0,8.0,7.0
28117,7.0,8.0,7.0,8.0,7.0
28119,7.0,8.0,7.0,8.0,7.0
28121,7.0,8.0,7.0,8.0,7.0
28123,7.0,8.0,7.0,8.0,7.0
28125,7.0,8.0,7.0,8.0,7.0
28127,7.0,8.0,7.0,8.0,7.0
28129,7.0,8.0,7.0,8.0,7.0
28131,7.0,8.0,7.0,8.0,7.0
28133,7.0,8.0,7.0,8.0,7.0
28135,7.0,8.0,7.0,8.0,7.0
28137,7.0,8.0,7.0,8.0,7.0
28139,7.0,8.0,7.0,8.0,7.0
28141,7.0,8.0,7.0,8.0,7.0
28143,7.0,8.0,7.0,8.0,7.0
28145,7.0,8.0,7.0,8.0,7.0
28147,7.0,8.0,7.0,8.0,7.0
28149,7.0,8.0,7.0,8.0,7.0
28151,7.0,8.0,7.0,8.0,7.0
28153,7.0,8.0,7.0,8.0,7.0
28155,7.0,8.0,7.0,8.0,7.0
28157,7.0,8.0,7.0,8.0,7.0
28159,7.0,8.0,7.0,8.0,7.0
28161,7.0,8.0,7.0,8.0,7.0
28163,7.0,8.0,7.0,8.0,7.0
29001,1.225,1.225,1.225,1.225,1.225
29003,1.225,1.225,1.225,1.225,1.225
29005,1.225,1.225,1.225,1.225,1.225
29007,1.225,1.225,1.225,1.225,1.225
29009,1.225,1.225,1.225,1.225,1.225
29011,1.225,1.225,1.225,1.225,1.225
29013,1.225,1.225,1.225,1.225,1.225
29015,1.225,1.225,1.225,1.225,1.225
29017,1.225,1.225,1.225,1.225,1.225
29019,1.225,1.225,1.225,1.225,1.225
29021,1.225,1.225,1.225,1.225,1.225
29023,1.225,1.225,1.225,1.225,1.225
29025,1.225,1.225,1.225,1.225,1.225
29027,1.225,1.225,1.225,1.225,1.225
29029,1.225,1.225,1.225,1.225,1.225
29031,1.225,1.225,1.225,1.225,1.225
29033,1.225,1.225,1.225,1.225,1.225
29035,1.225,1.225,1.225,1.225,1.225
29037,1.225,1.225,1.225,1.225,1.225
29039,1.225,1.225,1.225,1.225,1.225
29041,1.225,1.225,1.225,1.225,1.225
29043,1.225,1.225,1.225,1.225,1.225
29045,1.225,1.225,1.225,1.225,1.225
29047,1.225,1.225,1.225,1.225,1.225
29049,1.225,1.225,1.225,1.225,1.225
29051,1.225,1.225,1.225,1.225,1.225
29053,1.225,1.225,1.225,1.225,1.225
29055,1.225,1.225,1.225,1.225,1.225
29057,1.225,1.225,1.225,1.225,1.225
29059,1.225,1.225,1.225,1.225,1.225
29061,1.225,1.225,1.225,1.225,1.225
29063,1.225,1.225,1.225,1.225,1.225
29065,1.225,1.225,1.225,1.225,1.225
29067,1.225,1.225,1.225,1.225,1.225
29069,1.225,1.225,1.225,1.225,1.225
29071,1.225,1.225,1.225,1.225,1.225
29073,1.225,1.225,1.225,1.225,1.225
29075,1.225,1.225,1.225,1.225,1.225
29077,1.225,1.225,1.225,1.225,1.225
29079,1.225,1.225,1.225,1.225,1.225
29081,1.225,1.225,1.225,1.225,1.225
29083,1.225,1.225,1.225,1.225,1.225
29085,1.225,1.225,1.225,1.225,1.225
29087,1.225,1.225,1.225,1.225,1.225
29089,1.225,1.225,1.225,1.225,1.225
29091,1.225,1.225,1.225,1.225,1.225
29093,1.225,1.225,1.225,1.225,1.225
29095,1.225,1.225,1.225,1.225,1.225
29097,1.225,1.225,1.225,1.225,1.225
29099,1.225,1.225,1.225,1.225,1.225
29101,1.225,1.225,1.225,1.225,1.225
29103,1.225,1.225,1.225,1.225,1.225
29105,1.225,1.225,1.225,1.225,1.225
29107,1.225,1.225,1.225,1.225,1.225
29109,1.225,1.225,1.225,1.225,1.225
29111,1.225,1.225,1.225,1.225,1.225
29113,1.225,1.225,1.225,1.225,1.225
29115,1.225,1.225,1.225,1.225,1.225
29117,1.225,1.225,1.225,1.225,1.225
29119,1.225,1.225,1.225,1.225,1.225
29121,1.225,1.225,1.225,1.225,1.225
29123,1.225,1.225,1.225,1.225,1.225
29125,1.225,1.225,1.225,1.225,1.225
29127,1.225,1.225,1.225,1.225,1.225
29129,1.225,1.225,1.225,1.225,1.225
29131,1.225,1.225,1.225,1.225,1.225
29133,1.225,1.225,1.225,1.225,1.225
29135,1.225,1.225,1.225,1.225,1.225
29137,1.225,1.225,1.225,1.225,1.225
29139,1.225,1.225,1.225,1.225,1.225
29141,1.225,1.225,1.225,1.225,1.225
29143,1.225,1.225,1.225,1.225,1.225
29145,1.225,1.225,1.225,1.225,1.225
29147,1.225,1.225,1.225,1.225,1.225
29149,1.225,1.225,1.225,1.225,1.225
29151,1.225,1.225,1.225,1.225,1.225
29153,1.225,1.225,1.225,1.225,1.225
29155,1.225,1.225,1.225,1.225,1.225
29157,1.225,1.225,1.225,1.225,1.225
29159,1.225,1.225,1.225,1.225,1.225
29161,1.225,1.225,1.225,1.225,1.225
29163,1.225,1.225,1.225,1.225,1.225
29165,1.225,1.225,1.225,1.225,1.225
29167,1.225,1.225,1.225,1.225,1.225
29169,1.225,1.225,1.225,1.225,1.225
29171,1.225,1.225,1.225,1.225,1.225
29173,1.225,1.225,1.225,1.225,1.225
29175,1.225,1.225,1.225,1.225,1.225
29177,1.225,1.225,1.225,1.225,1.225
29179,1.225,1.225,1.225,1.225,1.225
29181,1.225,1.225,1.225,1.225,1.225
29183,1.225,1.225,1.225,1.225,1.225
29185,1.225,1.225,1.225,1.225,1.225
29186,1.225,1.225,1.225,1.225,1.225
29187,1.225,1.225,1.225,1.225,1.225
29189,1.225,1.225,1.225,1.225,1.225
29195,1.225,1.225,1.225,1.225,1.225
29197,1.225,1.225,1.225,1.225,1.225
29199,1.225,1.225,1.225,1.225,1.225
29201,1.225,1.225,1.225,1.225,1.225
29203,1.225,1.225,1.225,1.225,1.225
29205,1.225,1.225,1.225,1.225,1.225
29207,1.225,1.225,1.225,1.225,1.225
29209,1.225,1.225,1.225,1.225,1.225
29211,1.225,1.225,1.225,1.225,1.225
29213,1.225,1.225,1.225,1.225,1.225
29215,1.225,1.225,1.225,1.225,1.225
29217,1.225,1.225,1.225,1.225,1.225
29219,1.225,1.225,1.225,1.225,1.225
29221,1.225,1.225,1.225,1.225,1.225
29223,1.225,1.225,1.225,1.225,1.225
29225,1.225,1.225,1.225,1.225,1.225
29227,1.225,1.225,1.225,1.225,1.225
29229,1.225,1.225,1.225,1.225,1.225
29510,1.225,1.225,1.225,1.225,1.225
30001,0.0,0.0,0.0,0.0,0.0
30003,0.0,0.0,0.0,0.0,0.0
30005,0.0,0.0,0.0,0.0,0.0
30007,0.0,0.0,0.0,0.0,0.0
30009,0.0,0.0,0.0,0.0,0.0
30011,0.0,0.0,0.0,0.0,0.0
30013,0.0,0.0,0.0,0.0,0.0
30015,0.0,0.0,0.0,0.0,0.0
30017,0.0,0.0,0.0,0.0,0.0
30019,0.0,0.0,0.0,0.0,0.0
30021,0.0,0.0,0.0,0.0,0.0
30023,0.0,0.0,0.0,0.0,0.0
30025,0.0,0.0,0.0,0.0,0.0
30027,0.0,0.0,0.0,0.0,0.0
30029,0.0,0.0,0.0,0.0,0.0
30031,0.0,0.0,0.0,0.0,0.0
30033,0.0,0.0,0.0,0.0,0.0
30035,0.0,0.0,0.0,0.0,0.0
30037,0.0,0.0,0.0,0.0,0.0
30039,0.0,0.0,0.0,0.0,0.0
30041,0.0,0.0,0.0,0.0,0.0
30043,0.0,0.0,0.0,0.0,0.0
30045,0.0,0.0,0.0,0.0,0.0
30047,0.0,0.0,0.0,0.0,0.0
30049,0.0,0.0,0.0,0.0,0.0
30051,0.0,0.0,0.0,0.0,0.0
30053,0.0,0.0,0.0,0.0,0.0
30055,0.0,0.0,0.0,0.0,0.0
30057,0.0,0.0,0.0,0.0,0.0
30059,0.0,0.0,0.0,0.0,0.0
30061,0.0,0.0,0.0,0.0,0.0
30063,0.0,0.0,0.0,0.0,0.0
30065,0.0,0.0,0.0,0.0,0.0
30067,0.0,0.0,0.0,0.0,0.0
30069,0.0,0.0,0.0,0.0,0.0
30071,0.0,0.0,0.0,0.0,0.0
30073,0.0,0.0,0.0,0.0,0.0
30075,0.0,0.0,0.0,0.0,0.0
30077,0.0,0.0,0.0,0.0,0.0
30079,0.0,0.0,0.0,0.0,0.0
30081,0.0,0.0,0.0,0.0,0.0
30083,0.0,0.0,0.0,0.0,0.0
30085,0.0,0.0,0.0,0.0,0.0
30087,0.0,0.0,0.0,0.0,0.0
30089,0.0,0.0,0.0,0.0,0.0
30091,0.0,0.0,0.0,0.0,0.0
30093,0.0,0.0,0.0,0.0,0.0
30095,0.0,0.0,0.0,0.0,0.0
30097,0.0,0.0,0.0,0.0,0.0
30099,0.0,0.0,0.0,0.0,0.0
30101,0.0,0.0,0.0,0.0,0.0
30103,0.0,0.0,0.0,0.0,0.0
30105,0.0,0.0,0.0,0.0,0.0
30107,0.0,0.0,0.0,0.0,0.0
30109,0.0,0.0,0.0,0.0,0.0
30111,0.0,0.0,0.0,0.0,0.0
31001,0.0,5.5,0.0,5.5,0.0
31003,0.0,5.5,0.0,5.5,0.0
31005,0.0,5.5,0.0,5.5,0.0
31007,0.0,5.5,0.0,5.5,0.0
31009,0.0,5.5,0.0,5.5,0.0
31011,0.0,5.5,0.0,5.5,0.0
31013,0.0,5.5,0.0,5.5,0.0
31015,0.0,5.5,0.0,5.5,0.0
31017,0.0,5.5,0.0,5.5,0.0
31019,0.0,5.5,0.0,5.5,0.0
31021,0.0,5.5,0.0,5.5,0.0
31023,0.0,5.5,0.0,5.5,0.0
31025,0.0,5.5,0.0,5.5,0.0
31027,0.0,5.5,0.0,5.5,0.0
31029,0.0,5.5,0.0,5.5,0.0
31031,0.0,5.5,0.0,5.5,0.0
31033,0.0,5.5,0.0,5.5,0.0
31035,0.0,5.5,0.0,5.5,0.0
31037,0.0,5.5,0.0,5.5,0.0
31039,0.0,5.5,0.0,5.5,0.0
31041,0.0,5.5,0.0,5.5,0.0
31043,0.0,5.5,0.0,5.5,0.0
31045,0.0,5.5,0.0,5.5,0.0
31047,0.0,5.5,0.0,5.5,0.0
31049,0.0,5.5,0.0,5.5,0.0
31051,0.0,5.5,0.0,5.5,0.0
31053,0.0,5.5,0.0,5.5,0.0
31055,0.0,5.5,0.0,5.5,0.0
31057,0.0,5.5,0.0,5.5,0.0
31059,0.0,5.5,0.0,5.5,0.0
31061,0.0,5.5,0.0,5.5,0.0
31063,0.0,5.5,0.0,5.5,0.0
31065,0.0,5.5,0.0,5.5,0.0
31067,0.0,5.5,0.0,5.5,0.0
31069,0.0,5.5,0.0,5.5,0.0
31071,0.0,5.5,0.0,5.5,0.0
31073,0.0,5.5,0.0,5.5,0.0
31075,0.0,5.5,0.0,5.5,0.0
31077,0.0,5.5,0.0,5.5,0.0
31079,0.0,5.5,0.0,5.5,0.0
31081,0.0,5.5,0.0,5.5,0.0
31083,0.0,5.5,0.0,5.5,0.0
31085,0.0,5.5,0.0,5.5,0.0
31087,0.0,5.5,0.0,5.5,0.0
31089,0.0,5.5,0.0,5.5,0.0
31091,0.0,5.5,0.0,5.5,0.0
31093,0.0,5.5,0.0,5.5,0.0
31095,0.0,5.5,0.0,5.5,0.0
31097,0.0,5.5,0.0,5.5,0.0
31099,0.0,5.5,0.0,5.5,0.0
31101,0.0,5.5,0.0,5.5,0.0
31103,0.0,5.5,0.0,5.5,0.0
31105,0.0,5.5,0.0,5.5,0.0
31107,0.0,5.5,0.0,5.5,0.0
31109,0.0,5.5,0.0,5.5,0.0
31111,0.0,5.5,0.0,5.5,0.0
31113,0.0,5.5,0.0,5.5,0.0
31115,0.0,5.5,0.0,5.5,0.0
31117,0.0,5.5,0.0,5.5,0.0
31119,0.0,5.5,0.0,5.5,0.0
31121,0.0,5.5,0.0,5.5,0.0
31123,0.0,5.5,0.0,5.5,0.0
31125,0.0,5.5,0.0,5.5,0.0
31127,0.0,5.5,0.0,5.5,0.0
31129,0.0,5.5,0.0,5.5,0.0
31131,0.0,5.5,0.0,5.5,0.0
31133,0.0,5.5,0.0,5.5,0.0
31135,0.0,5.5,0.0,5.5,0.0
31137,0.0,5.5,0.0,5.5,0.0
31139,0.0,5.5,0.0,5.5,0.0
31141,0.0,5.5,0.0,5.5,0.0
31143,0.0,5.5,0.0,5.5,0.0
31145,0.0,5.5,0.0,5.5,0.0
31147,0.0,5.5,0.0,5.5,0.0
31149,0.0,5.5,0.0,5.5,0.0
31151,0.0,5.5,0.0,5.5,0.0
31153,0.0,5.5,0.0,5.5,0.0
31155,0.0,5.5,0.0,5.5,0.0
31157,0.0,5.5,0.0,5.5,0.0
31159,0.0,5.5,0.0,5.5,0.0
31161,0.0,5.5,0.0,5.5,0.0
31163,0.0,5.5,0.0,5.5,0.0
31165,0.0,5.5,0.0,5.5,0.0
31167,0.0,5.5,0.0,5.5,0.0
31169,0.0,5.5,0.0,5.5,0.0
31171,0.0,5.5,0.0,5.5,0.0
31173,0.0,5.5,0.0,5.5,0.0
31175,0.0,5.5,0.0,5.5,0.0
31177,0.0,5.5,0.0,5.5,0.0
31179,0.0,5.5,0.0,5.5,0.0
31181,0.0,5.5,0.0,5.5,0.0
31183,0.0,5.5,0.0,5.5,0.0
31185,0.0,5.5,0.0,5.5,0.0
32001,0.0,0.0,0.0,0.0,0.0
32003,0.0,0.0,0.0,0.0,0.0
32005,0.0,0.0,0.0,0.0,0.0
32007,0.0,0.0,0.0,0.0,0.0
32009,0.0,0.0,0.0,0.0,0.0
32011,0.0,0.0,0.0,0.0,0.0
32013,0.0,0.0,0.0,0.0,0.0
32015,0.0,0.0,0.0,0.0,0.0
32017,0.0,0.0,0.0,0.0,0.0
32019,0.0,0.0,0.0,0.0,0.0
32021,0.0,0.0,0.0,0.0,0.0
32023,0.0,0.0,0.0,0.0,0.0
32027,0.0,0.0,0.0,0.0,0.0
32029,0.0,0.0,0.0,0.0,0.0
32031,0.0,0.0,0.0,0.0,0.0
32033,0.0,0.0,0.0,0.0,0.0
32510,0.0,0.0,0.0,0.0,0.0
33001,0.0,0.0,0.0,0.0,0.0
33003,0.0,0.0,0.0,0.0,0.0
33005,0.0,0.0,0.0,0.0,0.0
33007,0.0,0.0,0.0,0.0,0.0
33009,0.0,0.0,0.0,0.0,0.0
33011,0.0,0.0,0.0,0.0,0.0
33013,0.0,0.0,0.0,0.0,0.0
33015,0.0,0.0,0.0,0.0,0.0
33017,0.0,0.0,0.0,0.0,0.0
33019,0.0,0.0,0.0,0.0,0.0
34001,7.0,7.0,0.0,7.0,0.0
34003,7.0,7.0,0.0,7.0,0.0
34005,7.0,7.0,0.0,7.0,0.0
34007,7.0,7.0,0.0,7.0,0.0
34009,7.0,7.0,0.0,7.0,0.0
34011,7.0,7.0,0.0,7.0,0.0
34013,7.0,7.0,0.0,7.0,0.0
34015,7.0,7.0,0.0,7.0,0.0
34017,7.0,7.0,0.0,7.0,0.0
34019,7.0,7.0,0.0,7.0,0.0
34021,7.0,7.0,0.0,7.0,0.0
34023,7.0,7.0,0.0,7.0,0.0
34025,7.0,7.0,0.0,7.0,0.0
34027,7.0,7.0,0.0,7.0,0.0
34029,7.0,7.0,0.0,7.0,0.0
34031,7.0,7.0,0.0,7.0,0.0
34033,7.0,7.0,0.0,7.0,0.0
34035,7.0,7.0,0.0,7.0,0.0
34037,7.0,7.0,0.0,7.0,0.0
34039,7.0,7.0,0.0,7.0,0.0
34041,7.0,7.0,0.0,7.0,0.0
35001,0.0,5.125,0.0,5.125,0.0
35003,0.0,5.125,0.0,5.125,0.0
35005,0.0,5.125,0.0,5.125,0.0
35006,0.0,5.125,0.0,5.125,0.0
35007,0.0,5.125,0.0,5.125,0.0
35009,0.0,5.125,0.0,5.125,0.0
35011,0.0,5.125,0.0,5.125,0.0
35013,0.0,5.125,0.0,5.125,0.0
35015,0.0,5.125,0.0,5.125,0.0
35017,0.0,5.125,0.0,5.125,0.0
35019,0.0,5.125,0.0,5.125,0.0
35021,0.0,5.125,0.0,5.125,0.0
35023,0.0,5.125,0.0,5.125,0.0
35025,0.0,5.125,0.0,5.125,0.0
35027,0.0,5.125,0.0,5.125,0.0
35028,0.0,5.125,0.0,5.125,0.0
35029,0.0,5.125,0.0,5.125,0.0
35031,0.0,5.125,0.0,5.125,0.0
35033,0.0,5.125,0.0,5.125,0.0
35035,0.0,5.125,0.0,5.125,0.0
35037,0.0,5.125,0.0,5.125,0.0
35039,0.0,5.125,0.0,5.125,0.0
35041,0.0,5.125,0.0,5.125,0.0
35043,0.0,5.125,0.0,5.125,0.0
35045,0.0,5.125,0.0,5.125,0.0
35047,0.0,5.125,0.0,5.125,0.0
35049,0.0,5.125,0.0,5.125,0.0
35051,0.0,5.125,0.0,5.125,0.0
35053,0.0,5.125,0.0,5.125,0.0
35055,0.0,5.125,0.0,5.125,0.0
35057,0.0,5.125,0.0,5.125,0.0
35059,0.0,5.125,0.0,5.125,0.0
35061,0.0,5.125,0.0,5.125,0.0
36001,4.0,4.0,0.0,4.0,0.0
36003,4.0,4.0,0.0,4.0,0.0
36005,4.0,4.0,0.0,4.0,0.0
36007,4.0,4.0,0.0,4.0,0.0
36009,4.0,4.0,0.0,4.0,0.0
36011,4.0,4.0,0.0,4.0,0.0
36013,4.0,4.0,0.0,4.0,0.0
36015,4.0,4.0,0.0,4.0,0.0
36017,4.0,4.0,0.0,4.0,0.0
36019,4.0,4.0,0.0,4.0,0.0
36021,4.0,4.0,0.0,4.0,0.0
36023,4.0,4.0,0.0,4.0,0.0
36025,4.0,4.0,0.0,4.0,0.0
36027,4.0,4.0,0.0,4.0,0.0
36029,4.0,4.0,0.0,4.0,0.0
36031,4.0,4.0,0.0,4.0,0.0
36033,4.0,4.0,0.0,4.0,0.0
36035,4.0,4.0,0.0,4.0,0.0
36037,4.0,4.0,0.0,4.0,0.0
36039,4.0,4.0,0.0,4.0,0.0
36041,4.0,4.0,0.0,4.0,0.0
36043,4.0,4.0,0.0,4.0,0.0
36045,4.0,4.0,0.0,4.0,0.0
36047,4.0,4.0,0.0,4.0,0.0
36049,4.0,4.0,0.0,4.0,0.0
36051,4.0,4.0,0.0,4.0,0.0
36053,4.0,4.0,0.0,4.0,0.0
36055,4.0,4.0,0.0,4.0,0.0
36057,4.0,4.0,0.0,4.0,0.0
36059,4.0,4.0,0.0,4.0,0.0
36061,4.0,4.0,0.0,4.0,0.0
36063,4.0,4.0,0.0,4.0,0.0
36065,4.0,4.0,0.0,4.0,0.0
36067,4.0,4.0,0.0,4.0,0.0
36069,4.0,4.0,0.0,4.0,0.0
36071,4.0,4.0,0.0,4.0,0.0
36073,4.0,4.0,0.0,4.0,0.0
36075,4.0,4.0,0.0,4.0,0.0
36077,4.0,4.0,0.0,4.0,0.0
36079,4.0,4.0,0.0,4.0,0.0
36081,4.0,4.0,0.0,4.0,0.0
36083,4.0,4.0,0.0,4.0,0.0
36085,4.0,4.0,0.0,4.0,0.0
36087,4.0,4.0,0.0,4.0,0.0
36089,4.0,4.0,0.0,4.0,0.0
36091,4.0,4.0,0.0,4.0,0.0
36093,4.0,4.0,0.0,4.0,0.0
36095,4.0,4.0,0.0,4.0,0.0
36097,4.0,4.0,0.0,4.0,0.0
36099,4.0,4.0,0.0,4.0,0.0
36101,4.0,4.0,0.0,4.0,0.0
36103,4.0,4.0,0.0,4.0,0.0
36105,4.0,4.0,0.0,4.0,0.0
36107,4.0,4.0,0.0,4.0,0.0
36109,4.0,4.0,0.0,4.0,0.0
36111,4.0,4.0,0.0,4.0,0.0
36113,4.0,4.0,0.0,4.0,0.0
36115,4.0,4.0,0.0,4.0,0.0
36117,4.0,4.0,0.0,4.0,0.0
36119,4.0,4.0,0.0,4.0,0.0
36121,4.0,4.0,0.0,4.0,0.0
36123,4.0,4.0,0.0,4.0,0.0
37001,4.75,4.75,0.0,4.75,0.0
37003,4.75,4.75,0.0,4.75,0.0
37005,4.75,4.75,0.0,4.75,0.0
37007,4.75,4.75,0.0,4.75,0.0
37009,4.75,4.75,0.0,4.75,0.0
37011,4.75,4.75,0.0,4.75,0.0
37013,4.75,4.75,0.0,4.75,0.0
37015,4.75,4.75,0.0,4.75,0.0
37017,4.75,4.75,0.0,4.75,0.0
37019,4.75,4.75,0.0,4.75,0.0
37021,4.75,4.75,0.0,4.75,0.0
37023,4.75,4.75,0.0,4.75,0.0
37025,4.75,4.75,0.0,4.75,0.0
37027,4.75,4.75,0.0,4.75,0.0
37029,4.75,4.75,0.0,4.75,0.0
37031,4.75,4.75,0.0,4.75,0.0
37033,4.75,4.75,0.0,4.75,0.0
37035,4.75,4.75,0.0,4.75,0.0
37037,4.75,4.75,0.0,4.75,0.0
37039,4.75,4.75,0.0,4.75,0.0
37041,4.75,4.75,0.0,4.75,0.0
37043,4.75,4.75,0.0,4.75,0.0
37045,4.75,4.75,0.0,4.75,0.0
37047,4.75,4.75,0.0,4.75,0.0
37049,4.75,4.75,0.0,4.75,0.0
37051,4.75,4.75,0.0,4.75,0.0
37053,4.75,4.75,0.0,4.75,0.0
37055,4.75,4.75,0.0,4.75,0.0
37057,4.75,4.75,0.0,4.75,0.0
37059,4.75,4.75,0.0,4.75,0.0
37061,4.75,4.75,0.0,4.75,0.0
37063,4.75,4.75,0.0,4.75,0.0
37065,4.75,4.75,0.0,4.75,0.0
37067,4.75,4.75,0.0,4.75,0.0
37069,4.75,4.75,0.0,4.75,0.0
37071,4.75,4.75,0.0,4.75,0.0
37073,4.75,4.75,0.0,4.75,0.0
37075,4.75,4.75,0.0,4.75,0.0
37077,4.75,4.75,0.0,4.75,0.0
37079,4.75,4.75,0.0,4.75,0.0
37081,4.75,4.75,0.0,4.75,0.0
37083,4.75,4.75,0.0,4.75,0.0
37085,4.75,4.75,0.0,4.75,0.0
37087,4.75,4.75,0.0,4.75,0.0
37089,4.75,4.75,0.0,4.75,0.0
37091,4.75,4.75,0.0,4.75,0.0
37093,4.75,4.75,0.0,4.75,0.0
37095,4.75,4.75,0.0,4.75,0.0
37097,4.75,4.75,0.0,4.75,0.0
37099,4.75,4.75,0.0,4.75,0.0
37101,4.75,4.75,0.0,4.75,0.0
37103,4.75,4.75,0.0,4.75,0.0
37105,4.75,4.75,0.0,4.75,0.0
37107,4.75,4.75,0.0,4.75,0.0
37109,4.75,4.75,0.0,4.75,0.0
37111,4.75,4.75,0.0,4.75,0.0
37113,4.75,4.75,0.0,4.75,0.0
37115,4.75,4.75,0.0,4.75,0.0
37117,4.75,4.75,0.0,4.75,0.0
37119,4.75,4.75,0.0,4.75,0.0
37121,4.75,4.75,0.0,4.75,0.0
37123,4.75,4.75,0.0,4.75,0.0
37125,4.75,4.75,0.0,4.75,0.0
37127,4.75,4.75,0.0,4.75,0.0
37129,4.75,4.75,0.0,4.75,0.0
37131,4.75,4.75,0.0,4.75,0.0
37133,4.75,4.75,0.0,4.75,0.0
37135,4.75,4.75,0.0,4.75,0.0
37137,4.75,4.75,0.0,4.75,0.0
37139,4.75,4.75,0.0,4.75,0.0
37141,4.75,4.75,0.0,4.75,0.0
37143,4.75,4.75,0.0,4.75,0.0
37145,4.75,4.75,0.0,4.75,0.0
37147,4.75,4.75,0.0,4.75,0.0
37149,4.75,4.75,0.0,4.75,0.0
37151,4.75,4.75,0.0,4.75,0.0
37153,4.75,4.75,0.0,4.75,0.0
37155,4.75,4.75,0.0,4.75,0.0
37157,4.75,4.75,0.0,4.75,0.0
37159,4.75,4.75,0.0,4.75,0.0
37161,4.75,4.75,0.0,4.75,0.0
37163,4.75,4.75,0.0,4.75,0.0
37165,4.75,4.75,0.0,4.75,0.0
37167,4.75,4.75,0.0,4.75,0.0
37169,4.75,4.75,0.0,4.75,0.0
37171,4.75,4.75,0.0,4.75,0.0
37173,4.75,4.75,0.0,4.75,0.0
37175,4.75,4.75,0.0,4.75,0.0
37177,4.75,4.75,0.0,4.75,0.0
37179,4.75,4.75,0.0,4.75,0.0
37181,4.75,4.75,0.0,4.75,0.0
37183,4.75,4.75,0.0,4.75,0.0
37185,4.75,4.75,0.0,4.75,0.0
37187,4.75,4.75,0.0,4.75,0.0
37189,4.75,4.75,0.0,4.75,0.0
37191,4.75,4.75,0.0,4.75,0.0
37193,4.75,4.75,0.0,4.75,0.0
37195,4.75,4.75,0.0,4.75,0.0
37197,4.75,4.75,0.0,4.75,0.0
37199,4.75,4.75,0.0,4.75,0.0
38001,5.0,5.0,0.0,0.0,0.0
38003,5.0,5.0,0.0,0.0,0.0
38005,5.0,5.0,0.0,0.0,0.0
38007,5.0,5.0,0.0,0.0,0.0
38009,5.0,5.0,0.0,0.0,0.0
38011,5.0,5.0,0.0,0.0,0.0
38013,5.0,5.0,0.0,0.0,0.0
38015,5.0,5.0,0.0,0.0,0.0
38017,5.0,5.0,0.0,0.0,0.0
38019,5.0,5.0,0.0,0.0,0.0
38021,5.0,5.0,0.0,0.0,0.0
38023,5.0,5.0,0.0,0.0,0.0
38025,5.0,5.0,0.0,0.0,0.0
38027,5.0,5.0,0.0,0.0,0.0
38029,5.0,5.0,0.0,0.0,0.0
38031,5.0,5.0,0.0,0.0,0.0
38033,5.0,5.0,0.0,0.0,0.0
38035,5.0,5.0,0.0,0.0,0.0
38037,5.0,5.0,0.0,0.0,0.0
38039,5.0,5.0,0.0,0.0,0.0
38041,5.0,5.0,0.0,0.0,0.0
38043,5.0,5.0,0.0,0.0,0.0
38045,5.0,5.0,0.0,0.0,0.0
38047,5.0,5.0,0.0,0.0,0.0
38049,5.0,5.0,0.0,0.0,0.0
38051,5.0,5.0,0.0,0.0,0.0
38053,5.0,5.0,0.0,0.0,0.0
38055,5.0,5.0,0.0,0.0,0.0
38057,5.0,5.0,0.0,0.0,0.0
38059,5.0,5.0,0.0,0.0,0.0
38061,5.0,5.0,0.0,0.0,0.0
38063,5.0,5.0,0.0,0.0,0.0
38065,5.0,5.0,0.0,0.0,0.0
38067,5.0,5.0,0.0,0.0,0.0
38069,5.0,5.0,0.0,0.0,0.0
38071,5.0,5.0,0.0,0.0,0.0
38073,5.0,5.0,0.0,0.0,0.0
38075,5.0,5.0,0.0,0.0,0.0
38077,5.0,5.0,0.0,0.0,0.0
38079,5.0,5.0,0.0,0.0,0.0
38081,5.0,5.0,0.0,0.0,0.0
38083,5.0,5.0,0.0,0.0,0.0
38085,5.0,5.0,0.0,0.0,0.0
38087,5.0,5.0,0.0,0.0,0.0
38089,5.0,5.0,0.0,0.0,0.0
38091,5.0,5.0,0.0,0.0,0.0
38093,5.0,5.0,0.0,0.0,0.0
38095,5.0,5.0,0.0,0.0,0.0
38097,5.0,5.0,0.0,0.0,0.0
38099,5.0,5.0,0.0,0.0,0.0
38101,5.0,5.0,0.0,0.0,0.0
38103,5.0,5.0,0.0,0.0,0.0
38105,5.0,5.0,0.0,0.0,0.0
39001,5.75,5.75,0.0,0.0,0.0
39003,5.75,5.75,0.0,0.0,0.0
39005,5.75,5.75,0.0,0.0,0.0
39007,5.75,5.75,0.0,0.0,0.0
39009,5.75,5.75,0.0,0.0,0.0
39011,5.75,5.75,0.0,0.0,0.0
39013,5.75,5.75,0.0,0.0,0.0
39015,5.75,5.75,0.0,0.0,0.0
39017,5.75,5.75,0.0,0.0,0.0
39019,5.75,5.75,0.0,0.0,0.0
39021,5.75,5.75,0.0,0.0,0.0
39023,5.75,5.75,0.0,0.0,0.0
39025,5.75,5.75,0.0,0.0,0.0
39027,5.75,5.75,0.0,0.0,0.0
39029,5.75,5.75,0.0,0.0,0.0
39031,5.75,5.75,0.0,0.0,0.0
39033,5.75,5.75,0.0,0.0,0.0
39035,5.75,5.75,0.0,0.0,0.0
39037,5.75,5.75,0.0,0.0,0.0
39039,5.75,5.75,0.0,0.0,0.0
39041,5.75,5.75,0.0,0.0,0.0
39043,5.75,5.75,0.0,0.0,0.0
39045,5.75,5.75,0.0,0.0,0.0
39047,5.75,5.75,0.0,0.0,0.0
39049,5.75,5.75,0.0,0.0,0.0
39051,5.75,5.75,0.0,0.0,0.0
39053,5.75,5.75,0.0,0.0,0.0
39055,5.75,5.75,0.0,0.0,0.0
39057,5.75,5.75,0.0,0.0,0.0
39059,5.75,5.75,0.0,0.0,0.0
39061,5.75,5.75,0.0,0.0,0.0
39063,5.75,5.75,0.0,0.0,0.0
39065,5.75,5.75,0.0,0.0,0.0
39067,5.75,5.75,0.0,0.0,0.0
39069,5.75,5.75,0.0,0.0,0.0
39071,5.75,5.75,0.0,0.0,0.0
39073,5.75,5.75,0.0,0.0,0.0
39075,5.75,5.75,0.0,0.0,0.0
39077,5.75,5.75,0.0,0.0,0.0
39079,5.75,5.75,0.0,0.0,0.0
39081,5.75,5.75,0.0,0.0,0.0
39083,5.75,5.75,0.0,0.0,0.0
39085,5.75,5.75,0.0,0.0,0.0
39087,5.75,5.75,0.0,0.0,0.0
39089,5.75,5.75,0.0,0.0,0.0
39091,5.75,5.75,0.0,0.0,0.0
39093,5.75,5.75,0.0,0.0,0.0
39095,5.75,5.75,0.0,0.0,0.0
39097,5.75,5.75,0.0,0.0,0.0
39099,5.75,5.75,0.0,0.0,0.0
39101,5.75,5.75,0.0,0.0,0.0
39103,5.75,5.75,0.0,0.0,0.0
39105,5.75,5.75,0.0,0.0,0.0
39107,5.75,5.75,0.0,0.0,0.0
39109,5.75,5.75,0.0,0.0,0.0
39111,5.75,5.75,0.0,0.0,0.0
39113,5.75,5.75,0.0,0.0,0.0
39115,5.75,5.75,0.0,0.0,0.0
39117,5.75,5.75,0.0,0.0,0.0
39119,5.75,5.75,0.0,0.0,0.0
39121,5.75,5.75,0.0,0.0,0.0
39123,5.75,5.75,0.0,0.0,0.0
39125,5.75,5.75,0.0,0.0,0.0
39127,5.75,5.75,0.0,0.0,0.0
39129,5.75,5.75,0.0,0.0,0.0
39131,5.75,5.75,0.0,0.0,0.0
39133,5.75,5.75,0.0,0.0,0.0
39135,5.75,5.75,0.0,0.0,0.0
39137,5.75,5.75,0.0,0.0,0.0
39139,5.75,5.75,0.0,0.0,0.0
39141,5.75,5.75,0.0,0.0,0.0
39143,5.75,5.75,0.0,0.0,0.0
39145,5.75,5.75,0.0,0.0,0.0
39147,5.75,5.75,0.0,0.0,0.0
39149,5.75,5.75,0.0,0.0,0.0
39151,5.75,5.75,0.0,0.0,0.0
39153,5.75,5.75,0.0,0.0,0.0
39155,5.75,5.75,0.0,0.0,0.0
39157,5.75,5.75,0.0,0.0,0.0
39159,5.75,5.75,0.0,0.0,0.0
39161,5.75,5.75,0.0,0.0,0.0
39163,5.75,5.75,0.0,0.0,0.0
39165,5.75,5.75,0.0,0.0,0.0
39167,5.75,5.75,0.0,0.0,0.0
39169,5.75,5.75,0.0,0.0,0.0
39171,5.75,5.75,0.0,0.0,0.0
39173,5.75,5.75,0.0,0.0,0.0
39175,5.75,5.75,0.0,0.0,0.0
40001,4.5,4.5,4.5,4.5,4.5
40003,4.5,4.5,4.5,4.5,4.5
40005,4.5,4.5,4.5,4.5,4.5
40007,4.5,4.5,4.5,4.5,4.5
40009,4.5,4.5,4.5,4.5,4.5
40011,4.5,4.5,4.5,4.5,4.5
40013,4.5,4.5,4.5,4.5,4.5
40015,4.5,4.5,4.5,4.5,4.5
40017,4.5,4.5,4.5,4.5,4.5
40019,4.5,4.5,4.5,4.5,4.5
40021,4.5,4.5,4.5,4.5,4.5
40023,4.5,4.5,4.5,4.5,4.5
40025,4.5,4.5,4.5,4.5,4.5
40027,4.5,4.5,4.5,4.5,4.5
40029,4.5,4.5,4.5,4.5,4.5
40031,4.5,4.5,4.5,4.5,4.5
40033,4.5,4.5,4.5,4.5,4.5
40035,4.5,4.5,4.5,4.5,4.5
40037,4.5,4.5,4.5,4.5,4.5
40039,4.5,4.5,4.5,4.5,4.5
40041,4.5,4.5,4.5,4.5,4.5
40043,4.5,4.5,4.5,4.5,4.5
40045,4.5,4.5,4.5,4.5,4.5
40047,4.5,4.5,4.5,4.5,4.5
40049,4.5,4.5,4.5,4.5,4.5
40051,4.5,4.5,4.5,4.5,4.5
40053,4.5,4.5,4.5,4.5,4.5
40055,4.5,4.5,4.5,4.5,4.5
40057,4.5,4.5,4.5,4.5,4.5
40059,4.5,4.5,4.5,4.5,4.5
40061,4.5,4.5,4.5,4.5,4.5
40063,4.5,4.5,4.5,4.5,4.5
40065,4.5,4.5,4.5,4.5,4.5
40067,4.5,4.5,4.5,4.5,4.5
40069,4.5,4.5,4.5,4.5,4.5
40071,4.5,4.5,4.5,4.5,4.5
40073,4.5,4.5,4.5,4.5,4.5
40075,4.5,4.5,4.5,4.5,4.5
40077,4.5,4.5,4.5,4.5,4.5
40079,4.5,4.5,4.5,4.5,4.5
40081,4.5,4.5,4.5,4.5,4.5
40083,4.5,4.5,4.5,4.5,4.5
40085,4.5,4.5,4.5,4.5,4.5
40087,4.5,4.5,4.5,4.5,4.5
40089,4.5,4.5,4.5,4.5,4.5
40091,4.5,4.5,4.5,4.5,4.5
40093,4.5,4.5,4.5,4.5,4.5
40095,4.5,4.5,4.5,4.5,4.5
40097,4.5,4.5,4.5,4.5,4.5
40099,4.5,4.5,4.5,4.5,4.5
40101,4.5,4.5,4.5,4.5,4.5
40103,4.5,4.5,4.5,4.5,4.5
40105,4.5,4.5,4.5,4.5,4.5
40107,4.5,4.5,4.5,4.5,4.5
40109,4.5,4.5,4.5,4.5,4.5
40111,4.5,4.5,4.5,4.5,4.5
40113,4.5,4.5,4.5,4.5,4.5
40115,4.5,4.5,4.5,4.5,4.5
40117,4.5,4.5,4.5,4.5,4.5
40119,4.5,4.5,4.5,4.5,4.5
40121,4.5,4.5,4.5,4.5,4.5
40123,4.5,4.5,4.5,4.5,4.5
40125,4.5,4.5,4.5,4.5,4.5
40127,4.5,4.5,4.5,4.5,4.5
40129,4.5,4.5,4.5,4.5,4.5
40131,4.5,4.5,4.5,4.5,4.5
40133,4.5,4.5,4.5,4.5,4.5
40135,4.5,4.5,4.5,4.5,4.5
40137,4.5,4.5,4.5,4.5,4.5
40139,4.5,4.5,4.5,4.5,4.5
40141,4.5,4.5,4.5,4.5,4.5
40143,4.5,4.5,4.5,4.5,4.5
40145,4.5,4.5,4.5,4.5,4.5
40147,4.5,4.5,4.5,4.5,4.5
40149,4.5,4.5,4.5,4.5,4.5
40151,4.5,4.5,4.5,4.5,4.5
40153,4.5,4.5,4.5,4.5,4.5
41001,0.0,0.0,0.0,0.0,0.0
41003,0.0,0.0,0.0,0.0,0.0
41005,0.0,0.0,0.0,0.0,0.0
41007,0.0,0.0,0.0,0.0,0.0
41009,0.0,0.0,0.0,0.0,0.0
41011,0.0,0.0,0.0,0.0,0.0
41013,0.0,0.0,0.0,0.0,0.0
41015,0.0,0.0,0.0,0.0,0.0
41017,0.0,0.0,0.0,0.0,0.0
41019,0.0,0.0,0.0,0.0,0.0
41021,0.0,0.0,0.0,0.0,0.0
41023,0.0,0.0,0.0,0.0,0.0
41025,0.0,0.0,0.0,0.0,0.0
41027,0.0,0.0,0.0,0.0,0.0
41029,0.0,0.0,0.0,0.0,0.0
41031,0.0,0.0,0.0,0.0,0.0
41033,0.0,0.0,0.0,0.0,0.0
41035,0.0,0.0,0.0,0.0,0.0
41037,0.0,0.0,0.0,0.0,0.0
41039,0.0,0.0,0.0,0.0,0.0
41041,0.0,0.0,0.0,0.0,0.0
41043,0.0,0.0,0.0,0.0,0.0
41045,0.0,0.0,0.0,0.0,0.0
41047,0.0,0.0,0.0,0.0,0.0
41049,0.0,0.0,0.0,0.0,0.0
41051,0.0,0.0,0.0,0.0,0.0
41053,0.0,0.0,0.0,0.0,0.0
41055,0.0,0.0,0.0,0.0,0.0
41057,0.0,0.0,0.0,0.0,0.0
41059,0.0,0.0,0.0,0.0,0.0
41061,0.0,0.0,0.0,0.0,0.0
41063,0.0,0.0,0.0,0.0,0.0
41065,0.0,0.0,0.0,0.0,0.0
41067,0.0,0.0,0.0,0.0,0.0
41069,0.0,0.0,0.0,0.0,0.0
41071,0.0,0.0,0.0,0.0,0.0
42001,6.0,6.0,0.0,0.0,0.0
42003,6.0,6.0,0.0,0.0,0.0
42005,6.0,6.0,0.0,0.0,0.0
42007,6.0,6.0,0.0,0.0,0.0
42009,6.0,6.0,0.0,0.0,0.0
42011,6.0,6.0,0.0,0.0,0.0
42013,6.0,6.0,0.0,0.0,0.0
42015,6.0,6.0,0.0,0.0,0.0
42017,6.0,6.0,0.0,0.0,0.0
42019,6.0,6.0,0.0,0.0,0.0
42021,6.0,6.0,0.0,0.0,0.0
42023,6.0,6.0,0.0,0.0,0.0
42025,6.0,6.0,0.0,0.0,0.0
42027,6.0,6.0,0.0,0.0,0.0
42029,6.0,6.0,0.0,0.0,0.0
42031,6.0,6.0,0.0,0.0,0.0
42033,6.0,6.0,0.0,0.0,0.0
42035,6.0,6.0,0.0,0.0,0.0
42037,6.0,6.0,0.0,0.0,0.0
42039,6.0,6.0,0.0,0.0,0.0
42041,6.0,6.0,0.0,0.0,0.0
42043,6.0,6.0,0.0,0.0,0.0
42045,6.0,6.0,0.0,0.0,0.0
42047,6.0,6.0,0.0,0.0,0.0
42049,6.0,6.0,0.0,0.0,0.0
42051,6.0,6.0,0.0,0.0,0.0
42053,6.0,6.0,0.0,0.0,0.0
42055,6.0,6.0,0.0,0.0,0.0
42057,6.0,6.0,0.0,0.0,0.0
42059,6.0,6.0,0.0,0.0,0.0
42061,6.0,6.0,0.0,0.0,0.0
42063,6.0,6.0,0.0,0.0,0.0
42065,6.0,6.0,0.0,0.0,0.0
42067,6.0,6.0,0.0,0.0,0.0
42069,6.0,6.0,0.0,0.0,0.0
42071,6.0,6.0,0.0,0.0,0.0
42073,6.0,6.0,0.0,0.0,0.0
42075,6.0,6.0,0.0,0.0,0.0
42077,6.0,6.0,0.0,0.0,0.0
42079,6.0,6.0,0.0,0.0,0.0
42081,6.0,6.0,0.0,0.0,0.0
42083,6.0,6.0,0.0,0.0,0.0
42085,6.0,6.0,0.0,0.0,0.0
42087,6.0,6.0,0.0,0.0,0.0
42089,6.0,6.0,0.0,0.0,0.0
42091,6.0,6.0,0.0,0.0,0.0
42093,6.0,6.0,0.0,0.0,0.0
42095,6.0,6.0,0.0,0.0,0.0
42097,6.0,6.0,0.0,0.0,0.0
42099,6.0,6.0,0.0,0.0,0.0
42101,6.0,6.0,0.0,0.0,0.0
42103,6.0,6.0,0.0,0.0,0.0
42105,6.0,6.0,0.0,0.0,0.0
42107,6.0,6.0,0.0,0.0,0.0
42109,6.0,6.0,0.0,0.0,0.0
42111,6.0,6.0,0.0,0.0,0.0
42113,6.0,6.0,0.0,0.0,0.0
42115,6.0,6.0,0.0,0.0,0.0
42117,6.0,6.0,0.0,0.0,0.0
42119,6.0,6.0,0.0,0.0,0.0
42121,6.0,6.0,0.0,0.0,0.0
42123,6.0,6.0,0.0,0.0,0.0
42125,6.0,6.0,0.0,0.0,0.0
42127,6.0,6.0,0.0,0.0,0.0
42129,6.0,6.0,0.0,0.0,0.0
42131,6.0,6.0,0.0,0.0,0.0
42133,6.0,6.0,0.0,0.0,0.0
44001,7.0,7.0,0.0,0.0,0.0
44003,7.0,7.0,0.0,0.0,0.0
44005,7.0,7.0,0.0,0.0,0.0
44007,7.0,7.0,0.0,0.0,0.0
44009,7.0,7.0,0.0,0.0,0.0
45001,0.0,6.0,0.0,6.0,0.0
45003,0.0,6.0,0.0,6.0,0.0
45005,0.0,6.0,0.0,6.0,0.0
45007,0.0,6.0,0.0,6.0,0.0
45009,0.0,6.0,0.0,6.0,0.0
45011,0.0,6.0,0.0,6.0,0.0
45013,0.0,6.0,0.0,6.0,0.0
45015,0.0,6.0,0.0,6.0,0.0
45017,0.0,6.0,0.0,6.0,0.0
45019,0.0,6.0,0.0,6.0,0.0
45021,0.0,6.0,0.0,6.0,0.0
45023,0.0,6.0,0.0,6.0,0.0
45025,0.0,6.0,0.0,6.0,0.0
45027,0.0,6.0,0.0,6.0,0.0
45029,0.0,6.0,0.0,6.0,0.0
45031,0.0,6.0,0.0,6.0,0.0
45033,0.0,6.0,0.0,6.0,0.0
45035,0.0,6.0,0.0,6.0,0.0
45037,0.0,6.0,0.0,6.0,0.0
45039,0.0,6.0,0.0,6.0,0.0
45041,0.0,6.0,0.0,6.0,0.0
45043,0.0,6.0,0.0,6.0,0.0
45045,0.0,6.0,0.0,6.0,0.0
45047,0.0,6.0,0.0,6.0,0.0
45049,0.0,6.0,0.0,6.0,0.0
45051,0.0,6.0,0.0,6.0,0.0
45053,0.0,6.0,0.0,6.0,0.0
45055,0.0,6.0,0.0,6.0,0.0
45057,0.0,6.0,0.0,6.0,0.0
45059,0.0,6.0,0.0,6.0,0.0
45061,0.0,6.0,0.0,6.0,0.0
45063,0.0,6.0,0.0,6.0,0.0
45065,0.0,6.0,0.0,6.0,0.0
45067,0.0,6.0,0.0,6.0,0.0
45069,0.0,6.0,0.0,6.0,0.0
45071,0.0,6.0,0.0,6.0,0.0
45073,0.0,6.0,0.0,6.0,0.0
45075,0.0,6.0,0.0,6.0,0.0
45077,0.0,6.0,0.0,6.0,0.0
45079,0.0,6.0,0.0,6.0,0.0
45081,0.0,6.0,0.0,6.0,0.0
45083,0.0,6.0,0.0,6.0,0.0
45085,0.0,6.0,0.0,6.0,0.0
45087,0.0,6.0,0.0,6.0,0.0
45089,0.0,6.0,0.0,6.0,0.0
45091,0.0,6.0,0.0,6.0,0.0
46003,4.0,4.0,4.0,4.0,4.0
46005,4.0,4.0,4.0,4.0,4.0
46007,4.0,4.0,4.0,4.0,4.0
46009,4.0,4.0,4.0,4.0,4.0
46011,4.0,4.0,4.0,4.0,4.0
46013,4.0,4.0,4.0,4.0,4.0
46015,4.0,4.0,4.0,4.0,4.0
46017,4.0,4.0,4.0,4.0,4.0
46019,4.0,4.0,4.0,4.0,4.0
46021,4.0,4.0,4.0,4.0,4.0
46023,4.0,4.0,4.0,4.0,4.0
46025,4.0,4.0,4.0,4.0,4.0
46027,4.0,4.0,4.0,4.0,4.0
46029,4.0,4.0,4.0,4.0,4.0
46031,4.0,4.0,4.0,4.0,4.0
46033,4.0,4.0,4.0,4.0,4.0
46035,4.0,4.0,4.0,4.0,4.0
46037,4.0,4.0,4.0,4.0,4.0
46039,4.0,4.0,4.0,4.0,4.0
46041,4.0,4.0,4.0,4.0,4.0
46043,4.0,4.0,4.0,4.0,4.0
46045,4.0,4.0,4.0,4.0,4.0
46047,4.0,4.0,4.0,4.0,4.0
46049,4.0,4.0,4.0,4.0,4.0
46051,4.0,4.0,4.0,4.0,4.0
46053,4.0,4.0,4.0,4.0,4.0
46055,4.0,4.0,4.0,4.0,4.0
46057,4.0,4.0,4.0,4.0,4.0
46059,4.0,4.0,4.0,4.0,4.0
46061,4.0,4.0,4.0,4.0,4.0
46063,4.0,4.0,4.0,4.0,4.0
46065,4.0,4.0,4.0,4.0,4.0
46067,4.0,4.0,4.0,4.0,4.0
46069,4.0,4.0,4.0,4.0,4.0
46071,4.0,4.0,4.0,4.0,4.0
46073,4.0,4.0,4.0,4.0,4.0
46075,4.0,4.0,4.0,4.0,4.0
46077,4.0,4.0,4.0,4.0,4.0
46079,4.0,4.0,4.0,4.0,4.0
46081,4.0,4.0,4.0,4.0,4.0
46083,4.0,4.0,4.0,4.0,4.0
46085,4.0,4.0,4.0,4.0,4.0
46087,4.0,4.0,4.0,4.0,4.0
46089,4.0,4.0,4.0,4.0,4.0
46091,4.0,4.0,4.0,4.0,4.0
46093,4.0,4.0,4.0,4.0,4.0
46095,4.0,4.0,4.0,4.0,4.0
46097,4.0,4.0,4.0,4.0,4.0
46099,4.0,4.0,4.0,4.0,4.0
46101,4.0,4.0,4.0,4.0,4.0
46103,4.0,4.0,4.0,4.0,4.0
46105,4.0,4.0,4.0,4.0,4.0
46107,4.0,4.0,4.0,4.0,4.0
46109,4.0,4.0,4.0,4.0,4.0
46111,4.0,4.0,4.0,4.0,4.0
46113,4.0,4.0,4.0,4.0,4.0
46115,4.0,4.0,4.0,4.0,4.0
46117,4.0,4.0,4.0,4.0,4.0
46119,4.0,4.0,4.0,4.0,4.0
46121,4.0,4.0,4.0,4.0,4.0
46123,4.0,4.0,4.0,4.0,4.0
46125,4.0,4.0,4.0,4.0,4.0
46127,4.0,4.0,4.0,4.0,4.0
46129,4.0,4.0,4.0,4.0,4.0
46135,4.0,4.0,4.0,4.0,4.0
46137,4.0,4.0,4.0,4.0,4.0
47001,5.0,5.0,5.0,5.0,5.0
47003,5.0,5.0,5.0,5.0,5.0
47005,5.0,5.0,5.0,5.0,5.0
47007,5.0,5.0,5.0,5.0,5.0
47009,5.0,5.0,5.0,5.0,5.0
47011,5.0,5.0,5.0,5.0,5.0
47013,5.0,5.0,5.0,5.0,5.0
47015,5.0,5.0,5.0,5.0,5.0
47017,5.0,5.0,5.0,5.0,5.0
47019,5.0,5.0,5.0,5.0,5.0
47021,5.0,5.0,5.0,5.0,5.0
47023,5.0,5.0,5.0,5.0,5.0
47025,5.0,5.0,5.0,5.0,5.0
47027,5.0,5.0,5.0,5.0,5.0
47029,5.0,5.0,5.0,5.0,5.0
47031,5.0,5.0,5.0,5.0,5.0
47033,5.0,5.0,5.0,5.0,5.0
47035,5.0,5.0,5.0,5.0,5.0
47037,5.0,5.0,5.0,5.0,5.0
47039,5.0,5.0,5.0,5.0,5.0
47041,5.0,5.0,5.0,5.0,5.0
47043,5.0,5.0,5.0,5.0,5.0
47045,5.0,5.0,5.0,5.0,5.0
47047,5.0,5.0,5.0,5.0,5.0
47049,5.0,5.0,5.0,5.0,5.0
47051,5.0,5.0,5.0,5.0,5.0
47053,5.0,5.0,5.0,5.0,5.0
47055,5.0,5.0,5.0,5.0,5.0
47057,5.0,5.0,5.0,5.0,5.0
47059,5.0,5.0,5.0,5.0,5.0
47061,5.0,5.0,5.0,5.0,5.0
47063,5.0,5.0,5.0,5.0,5.0
47065,5.0,5.0,5.0,5.0,5.0
47067,5.0,5.0,5.0,5.0,5.0
47069,5.0,5.0,5.0,5.0,5.0
47071,5.0,5.0,5.0,5.0,5.0
47073,5.0,5.0,5.0,5.0,5.0
47075,5.0,5.0,5.0,5.0,5.0
47077,5.0,5.0,5.0,5.0,5.0
47079,5.0,5.0,5.0,5.0,5.0
47081,5.0,5.0,5.0,5.0,5.0
47083,5.0,5.0,5.0,5.0,5.0
47085,5.0,5.0,5.0,5.0,5.0
47087,5.0,5.0,5.0,5.0,5.0
47089,5.0,5.0,5.0,5.0,5.0
47091,5.0,5.0,5.0,5.0,5.0
47093,5.0,5.0,5.0,5.0,5.0
47095,5.0,5.0,5.0,5.0,5.0
47097,5.0,5.0,5.0,5.0,5.0
47099,5.0,5.0,5.0,5.0,5.0
47101,5.0,5.0,5.0,5.0,5.0
47103,5.0,5.0,5.0,5.0,5.0
47105,5.0,5.0,5.0,5.0,5.0
47107,5.0,5.0,5.0,5.0,5.0
47109,5.0,5.0,5.0,5.0,5.0
47111,5.0,5.0,5.0,5.0,5.0
47113,5.0,5.0,5.0,5.0,5.0
47115,5.0,5.0,5.0,5.0,5.0
47117,5.0,5.0,5.0,5.0,5.0
47119,5.0,5.0,5.0,5.0,5.0
47121,5.0,5.0,5.0,5.0,5.0
47123,5.0,5.0,5.0,5.0,5.0
47125,5.0,5.0,5.0,5.0,5.0
47127,5.0,5.0,5.0,5.0,5.0
47129,5.0,5.0,5.0,5.0,5.0
47131,5.0,5.0,5.0,5.0,5.0
47133,5.0,5.0,5.0,5.0,5.0
47135,5.0,5.0,5.0,5.0,5.0
47137,5.0,5.0,5.0,5.0,5.0
47139,5.0,5.0,5.0,5.0,5.0
47141,5.0,5.0,5.0,5.0,5.0
47143,5.0,5.0,5.0,5.0,5.0
47145,5.0,5.0,5.0,5.0,5.0
47147,5.0,5.0,5.0,5.0,5.0
47149,5.0,5.0,5.0,5.0,5.0
47151,5.0,5.0,5.0,5.0,5.0
47153,5.0,5.0,5.0,5.0,5.0
47155,5.0,5.0,5.0,5.0,5.0
47157,5.0,5.0,5.0,5.0,5.0
47159,5.0,5.0,5.0,5.0,5.0
47161,5.0,5.0,5.0,5.0,5.0
47163,5.0,5.0,5.0,5.0,5.0
47165,5.0,5.0,5.0,5.0,5.0
47167,5.0,5.0,5.0,5.0,5.0
47169,5.0,5.0,5.0,5.0,5.0
47171,5.0,5.0,5.0,5.0,5.0
47173,5.0,5.0,5.0,5.0,5.0
47175,5.0,5.0,5.0,5.0,5.0
47177,5.0,5.0,5.0,5.0,5.0
47179,5.0,5.0,5.0,5.0,5.0
47181,5.0,5.0,5.0,5.0,5.0
47183,5.0,5.0,5.0,5.0,5.0
47185,5.0,5.0,5.0,5.0,5.0
47187,5.0,5.0,5.0,5.0,5.0
47189,5.0,5.0,5.0,5.0,5.0
48001,6.25,6.25,0.0,6.25,0.0
48003,6.25,6.25,0.0,6.25,0.0
48005,6.25,6.25,0.0,6.25,0.0
48007,6.25,6.25,0.0,6.25,0.0
48009,6.25,6.25,0.0,6.25,0.0
48011,6.25,6.25,0.0,6.25,0.0
48013,6.25,6.25,0.0,6.25,0.0
48015,6.25,6.25,0.0,6.25,0.0
48017,6.25,6.25,0.0,6.25,0.0
48019,6.25,6.25,0.0,6.25,0.0
48021,6.25,6.25,0.0,6.25,0.0
48023,6.25,6.25,0.0,6.25,0.0
48025,6.25,6.25,0.0,6.25,0.0
48027,6.25,6.25,0.0,6.25,0.0
48029,6.25,6.25,0.0,6.25,0.0
48031,6.25,6.25,0.0,6.25,0.0
48033,6.25,6.25,0.0,6.25,0.0
48035,6.25,6.25,0.0,6.25,0.0
48037,6.25,6.25,0.0,6.25,0.0
48039,6.25,6.25,0.0,6.25,0.0
48041,6.25,6.25,0.0,6.25,0.0
48043,6.25,6.25,0.0,6.25,0.0
48045,6.25,6.25,0.0,6.25,0.0
48047,6.25,6.25,0.0,6.25,0.0
48049,6.25,6.25,0.0,6.25,0.0
48051,6.25,6.25,0.0,6.25,0.0
48053,6.25,6.25,0.0,6.25,0.0
48055,6.25,6.25,0.0,6.25,0.0
48057,6.25,6.25,0.0,6.25,0.0
48059,6.25,6.25,0.0,6.25,0.0
48061,6.25,6.25,0.0,6.25,0.0
48063,6.25,6.25,0.0,6.25,0.0
48065,6.25,6.25,0.0,6.25,0.0
48067,6.25,6.25,0.0,6.25,0.0
48069,6.25,6.25,0.0,6.25,0.0
48071,6.25,6.25,0.0,6.25,0.0
48073,6.25,6.25,0.0,6.25,0.0
48075,6.25,6.25,0.0,6.25,0.0
48077,6.25,6.25,0.0,6.25,0.0
48079,6.25,6.25,0.0,6.25,0.0
48081,6.25,6.25,0.0,6.25,0.0
48083,6.25,6.25,0.0,6.25,0.0
48085,6.25,6.25,0.0,6.25,0.0
48087,6.25,6.25,0.0,6.25,0.0
48089,6.25,6.25,0.0,6.25,0.0
48091,6.25,6.25,0.0,6.25,0.0
48093,6.25,6.25,0.0,6.25,0.0
48095,6.25,6.25,0.0,6.25,0.0
48097,6.25,6.25,0.0,6.25,0.0
48099,6.25,6.25,0.0,6.25,0.0
48101,6.25,6.25,0.0,6.25,0.0
48103,6.25,6.25,0.0,6.25,0.0
48105,6.25,6.25,0.0,6.25,0.0
48107,6.25,6.25,0.0,6.25,0.0
48109,6.25,6.25,0.0,6.25,0.0
48111,6.25,6.25,0.0,6.25,0.0
48113,6.25,6.25,0.0,6.25,0.0
48115,6.25,6.25,0.0,6.25,0.0
48117,6.25,6.25,0.0,6.25,0.0
48119,6.25,6.25,0.0,6.25,0.0
48121,6.25,6.25,0.0,6.25,0.0
48123,6.25,6.25,0.0,6.25,0.0
48125,6.25,6.25,0.0,6.25,0.0
48127,6.25,6.25,0.0,6.25,0.0
48129,6.25,6.25,0.0,6.25,0.0
48131,6.25,6.25,0.0,6.25,0.0
48133,6.25,6.25,0.0,6.25,0.0
48135,6.25,6.25,0.0,6.25,0.0
48137,6.25,6.25,0.0,6.25,0.0
48139,6.25,6.25,0.0,6.25,0.0
48141,6.25,6.25,0.0,6.25,0.0
48143,6.25,6.25,0.0,6.25,0.0
48145,6.25,6.25,0.0,6.25,0.0
48147,6.25,6.25,0.0,6.25,0.0
48149,6.25,6.25,0.0,6.25,0.0
48151,6.25,6.25,0.0,6.25,0.0
48153,6.25,6.25,0.0,6.25,0.0
48155,6.25,6.25,0.0,6.25,0.0
48157,6.25,6.25,0.0,6.25,0.0
48159,6.25,6.25,0.0,6.25,0.0
48161,6.25,6.25,0.0,6.25,0.0
48163,6.25,6.25,0.0,6.25,0.0
48165,6.25,6.25,0.0,6.25,0.0
48167,6.25,6.25,0.0,6.25,0.0
48169,6.25,6.25,0.0,6.25,0.0
48171,6.25,6.25,0.0,6.25,0.0
48173,6.25,6.25,0.0,6.25,0.0
48175,6.25,6.25,0.0,6.25,0.0
48177,6.25,6.25,0.0,6.25,0.0
48179,6.25,6.25,0.0,6.25,0.0
48181,6.25,6.25,0.0,6.25,0.0
48183,6.25,6.25,0.0,6.25,0.0
48185,6.25,6.25,0.0,6.25,0.0
48187,6.25,6.25,0.0,6.25,0.0
48189,6.25,6.25,0.0,6.25,0.0
48191,6.25,6.25,0.0,6.25,0.0
48193,6.25,6.25,0.0,6.25,0.0
48195,6.25,6.25,0.0,6.25,0.0
48197,6.25,6.25,0.0,6.25,0.0
48199,6.25,6.25,0.0,6.25,0.0
48201,6.25,6.25,0.0,6.25,0.0
48203,6.25,6.25,0.0,6.25,0.0
48205,6.25,6.25,0.0,6.25,0.0
48207,6.25,6.25,0.0,6.25,0.0
48209,6.25,6.25,0.0,6.25,0.0
48211,6.25,6.25,0.0,6.25,0.0
48213,6.25,6.25,0.0,6.25,0.0
48215,6.25,6.25,0.0,6.25,0.0
48217,6.25,6.25,0.0,6.25,0.0
48219,6.25,6.25,0.0,6.25,0.0
48221,6.25,6.25,0.0,6.25,0.0
48223,6.25,6.25,0.0,6.25,0.0
48225,6.25,6.25,0.0,6.25,0.0
48227,6.25,6.25,0.0,6.25,0.0
48229,6.25,6.25,0.0,6.25,0.0
48231,6.25,6.25,0.0,6.25,0.0
48233,6.25,6.25,0.0,6.25,0.0
48235,6.25,6.25,0.0,6.25,0.0
48237,6.25,6.25,0.0,6.25,0.0
48239,6.25,6.25,0.0,6.25,0.0
48241,6.25,6.25,0.0,6.25,0.0
48243,6.25,6.25,0.0,6.25,0.0
48245,6.25,6.25,0.0,6.25,0.0
48247,6.25,6.25,0.0,6.25,0.0
48249,6.25,6.25,0.0,6.25,0.0
48251,6.25,6.25,0.0,6.25,0.0
48253,6.25,6.25,0.0,6.25,0.0
48255,6.25,6.25,0.0,6.25,0.0
48257,6.25,6.25,0.0,6.25,0.0
48259,6.25,6.25,0.0,6.25,0.0
48261,6.25,6.25,0.0,6.25,0.0
48263,6.25,6.25,0.0,6.25,0.0
48265,6.25,6.25,0.0,6.25,0.0
48267,6.25,6.25,0.0,6.25,0.0
48269,6.25,6.25,0.0,6.25,0.0
48271,6.25,6.25,0.0,6.25,0.0
48273,6.25,6.25,0.0,6.25,0.0
48275,6.25,6.25,0.0,6.25,0.0
48277,6.25,6.25,0.0,6.25,0.0
48279,6.25,6.25,0.0,6.25,0.0
48281,6.25,6.25,0.0,6.25,0.0
48283,6.25,6.25,0.0,6.25,0.0
48285,6.25,6.25,0.0,6.25,0.0
48287,6.25,6.25,0.0,6.25,0.0
48289,6.25,6.25,0.0,6.25,0.0
48291,6.25,6.25,0.0,6.25,0.0
48293,6.25,6.25,0.0,6.25,0.0
48295,6.25,6.25,0.0,6.25,0.0
48297,6.25,6.25,0.0,6.25,0.0
48299,6.25,6.25,0.0,6.25,0.0
48301,6.25,6.25,0.0,6.25,0.0
48303,6.25,6.25,0.0,6.25,0.0
48305,6.25,6.25,0.0,6.25,0.0
48307,6.25,6.25,0.0,6.25,0.0
48309,6.25,6.25,0.0,6.25,0.0
48311,6.25,6.25,0.0,6.25,0.0
48313,6.25,6.25,0.0,6.25,0.0
48315,6.25,6.25,0.0,6.25,0.0
48317,6.25,6.25,0.0,6.25,0.0
48319,6.25,6.25,0.0,6.25,0.0
48321,6.25,6.25,0.0,6.25,0.0
48323,6.25,6.25,0.0,6.25,0.0
48325,6.25,6.25,0.0,6.25,0.0
48327,6.25,6.25,0.0,6.25,0.0
48329,6.25,6.25,0.0,6.25,0.0
48331,6.25,6.25,0.0,6.25,0.0
48333,6.25,6.25,0.0,6.25,0.0
48335,6.25,6.25,0.0,6.25,0.0
48337,6.25,6.25,0.0,6.25,0.0
48339,6.25,6.25,0.0,6.25,0.0
48341,6.25,6.25,0.0,6.25,0.0
48343,6.25,6.25,0.0,6.25,0.0
48345,6.25,6.25,0.0,6.25,0.0
48347,6.25,6.25,0.0,6.25,0.0
48349,6.25,6.25,0.0,6.25,0.0
48351,6.25,6.25,0.0,6.25,0.0
48353,6.25,6.25,0.0,6.25,0.0
48355,6.25,6.25,0.0,6.25,0.0
48357,6.25,6.25,0.0,6.25,0.0
48359,6.25,6.25,0.0,6.25,0.0
48361,6.25,6.25,0.0,6.25,0.0
48363,6.25,6.25,0.0,6.25,0.0
48365,6.25,6.25,0.0,6.25,0.0
48367,6.25,6.25,0.0,6.25,0.0
48369,6.25,6.25,0.0,6.25,0.0
48371,6.25,6.25,0.0,6.25,0.0
48373,6.25,6.25,0.0,6.25,0.0
48375,6.25,6.25,0.0,6.25,0.0
48377,6.25,6.25,0.0,6.25,0.0
48379,6.25,6.25,0.0,6.25,0.0
48381,6.25,6.25,0.0,6.25,0.0
48383,6.25,6.25,0.0,6.25,0.0
48385,6.25,6.25,0.0,6.25,0.0
48387,6.25,6.25,0.0,6.25,0.0
48389,6.25,6.25,0.0,6.25,0.0
48391,6.25,6.25,0.0,6.25,0.0
48393,6.25,6.25,0.0,6.25,0.0
48395,6.25,6.25,0.0,6.25,0.0
48397,6.25,6.25,0.0,6.25,0.0
48399,6.25,6.25,0.0,6.25,0.0
48401,6.25,6.25,0.0,6.25,0.0
48403,6.25,6.25,0.0,6.25,0.0
48405,6.25,6.25,0.0,6.25,0.0
48407,6.25,6.25,0.0,6.25,0.0
48409,6.25,6.25,0.0,6.25,0.0
48411,6.25,6.25,0.0,6.25,0.0
48413,6.25,6.25,0.0,6.25,0.0
48415,6.25,6.25,0.0,6.25,0.0
48417,6.25,6.25,0.0,6.25,0.0
48419,6.25,6.25,0.0,6.25,0.0
48421,6.25,6.25,0.0,6.25,0.0
48423,6.25,6.25,0.0,6.25,0.0
48425,6.25,6.25,0.0,6.25,0.0
48427,6.25,6.25,0.0,6.25,0.0
48429,6.25,6.25,0.0,6.25,0.0
48431,6.25,6.25,0.0,6.25,0.0
48433,6.25,6.25,0.0,6.25,0.0
48435,6.25,6.25,0.0,6.25,0.0
48437,6.25,6.25,0.0,6.25,0.0
48439,6.25,6.25,0.0,6.25,0.0
48441,6.25,6.25,0.0,6.25,0.0
48443,6.25,6.25,0.0,6.25,0.0
48445,6.25,6.25,0.0,6.25,0.0
48447,6.25,6.25,0.0,6.25,0.0
48449,6.25,6.25,0.0,6.25,0.0
48451,6.25,6.25,0.0,6.25,0.0
48453,6.25,6.25,0.0,6.25,0.0
48455,6.25,6.25,0.0,6.25,0.0
48457,6.25,6.25,0.0,6.25,0.0
48459,6.25,6.25,0.0,6.25,0.0
48461,6.25,6.25,0.0,6.25,0.0
48463,6.25,6.25,0.0,6.25,0.0
48465,6.25,6.25,0.0,6.25,0.0
48467,6.25,6.25,0.0,6.25,0.0
48469,6.25,6.25,0.0,6.25,0.0
48471,6.25,6.25,0.0,6.25,0.0
48473,6.25,6.25,0.0,6.25,0.0
48475,6.25,6.25,0.0,6.25,0.0
48477,6.25,6.25,0.0,6.25,0.0
48479,6.25,6.25,0.0,6.25,0.0
48481,6.25,6.25,0.0,6.25,0.0
48483,6.25,6.25,0.0,6.25,0.0
48485,6.25,6.25,0.0,6.25,0.0
48487,6.25,6.25,0.0,6.25,0.0
48489,6.25,6.25,0.0,6.25,0.0
48491,6.25,6.25,0.0,6.25,0.0
48493,6.25,6.25,0.0,6.25,0.0
48495,6.25,6.25,0.0,6.25,0.0
48497,6.25,6.25,0.0,6.25,0.0
48499,6.25,6.25,0.0,6.25,0.0
48501,6.25,6.25,0.0,6.25,0.0
48503,6.25,6.25,0.0,6.25,0.0
48505,6.25,6.25,0.0,6.25,0.0
48507,6.25,6.25,0.0,6.25,0.0
49001,1.75,1.75,1.75,1.75,1.75
49003,1.75,1.75,1.75,1.75,1.75
49005,1.75,1.75,1.75,1.75,1.75
49007,1.75,1.75,1.75,1.75,1.75
49009,1.75,1.75,1.75,1.75,1.75
49011,1.75,1.75,1.75,1.75,1.75
49013,1.75,1.75,1.75,1.75,1.75
49015,1.75,1.75,1.75,1.75,1.75
49017,1.75,1.75,1.75,1.75,1.75
49019,1.75,1.75,1.75,1.75,1.75
49021,1.75,1.75,1.75,1.75,1.75
49023,1.75,1.75,1.75,1.75,1.75
49025,1.75,1.75,1.75,1.75,1.75
49027,1.75,1.75,1.75,1.75,1.75
49029,1.75,1.75,1.75,1.75,1.75
49031,1.75,1.75,1.75,1.75,1.75
49033,1.75,1.75,1.75,1.75,1.75
49035,1.75,1.75,1.75,1.75,1.75
49037,1.75,1.75,1.75,1.75,1.75
49039,1.75,1.75,1.75,1.75,1.75
49041,1.75,1.75,1.75,1.75,1.75
49043,1.75,1.75,1.75,1.75,1.75
49045,1.75,1.75,1.75,1.75,1.75
49047,1.75,1.75,1.75,1.75,1.75
49049,1.75,1.75,1.75,1.75,1.75
49051,1.75,1.75,1.75,1.75,1.75
49053,1.75,1.75,1.75,1.75,1.75
49055,1.75,1.75,1.75,1.75,1.75
49057,1.75,1.75,1.75,1.75,1.75
50001,0.0,0.0,0.0,0.0,0.0
50003,0.0,0.0,0.0,0.0,0.0
50005,0.0,0.0,0.0,0.0,0.0
50007,0.0,0.0,0.0,0.0,0.0
50009,0.0,0.0,0.0,0.0,0.0
50011,0.0,0.0,0.0,0.0,0.0
50013,0.0,0.0,0.0,0.0,0.0
50015,0.0,0.0,0.0,0.0,0.0
50017,0.0,0.0,0.0,0.0,0.0
50019,0.0,0.0,0.0,0.0,0.0
50021,0.0,0.0,0.0,0.0,0.0
50023,0.0,0.0,0.0,0.0,0.0
50025,0.0,0.0,0.0,0.0,0.0
50027,0.0,0.0,0.0,0.0,0.0
51001,1.5,5.3,1.5,5.3,1.5
51003,1.5,5.3,1.5,5.3,1.5
51005,1.5,5.3,1.5,5.3,1.5
51007,1.5,5.3,1.5,5.3,1.5
51009,1.5,5.3,1.5,5.3,1.5
51011,1.5,5.3,1.5,5.3,1.5
51013,1.5,5.3,1.5,5.3,1.5
51015,1.5,5.3,1.5,5.3,1.5
51017,1.5,5.3,1.5,5.3,1.5
51019,1.5,5.3,1.5,5.3,1.5
51021,1.5,5.3,1.5,5.3,1.5
51023,1.5,5.3,1.5,5.3,1.5
51025,1.5,5.3,1.5,5.3,1.5
51027,1.5,5.3,1.5,5.3,1.5
51029,1.5,5.3,1.5,5.3,1.5
51031,1.5,5.3,1.5,5.3,1.5
51033,1.5,5.3,1.5,5.3,1.5
51035,1.5,5.3,1.5,5.3,1.5
51036,1.5,5.3,1.5,5.3,1.5
51037,1.5,5.3,1.5,5.3,1.5
51041,1.5,5.3,1.5,5.3,1.5
51043,1.5,5.3,1.5,5.3,1.5
51045,1.5,5.3,1.5,5.3,1.5
51047,1.5,5.3,1.5,5.3,1.5
51049,1.5,5.3,1.5,5.3,1.5
51051,1.5,5.3,1.5,5.3,1.5
51053,1.5,5.3,1.5,5.3,1.5
51057,1.5,5.3,1.5,5.3,1.5
51059,1.5,5.3,1.5,5.3,1.5
51061,1.5,5.3,1.5,5.3,1.5
51063,1.5,5.3,1.5,5.3,1.5
51065,1.5,5.3,1.5,5.3,1.5
51067,1.5,5.3,1.5,5.3,1.5
51069,1.5,5.3,1.5,5.3,1.5
51071,1.5,5.3,1.5,5.3,1.5
51073,1.5,5.3,1.5,5.3,1.5
51075,1.5,5.3,1.5,5.3,1.5
51077,1.5,5.3,1.5,5.3,1.5
51079,1.5,5.3,1.5,5.3,1.5
51081,1.5,5.3,1.5,5.3,1.5
51083,1.5,5.3,1.5,5.3,1.5
51085,1.5,5.3,1.5,5.3,1.5
51087,1.5,5.3,1.5,5.3,1.5
51089,1.5,5.3,1.5,5.3,1.5
51091,1.5,5.3,1.5,5.3,1.5
51093,1.5,5.3,1.5,5.3,1.5
51095,1.5,5.3,1.5,5.3,1.5
51097,1.5,5.3,1.5,5.3,1.5
51099,1.5,5.3,1.5,5.3,1.5
51101,1.5,5.3,1.5,5.3,1.5
51103,1.5,5.3,1.5,5.3,1.5
51105,1.5,5.3,1.5,5.3,1.5
51107,1.5,5.3,1.5,5.3,1.5
51109,1.5,5.3,1.5,5.3,1.5
51111,1.5,5.3,1.5,5.3,1.5
51113,1.5,5.3,1.5,5.3,1.5
51115,1.5,5.3,1.5,5.3,1.5
51117,1.5,5.3,1.5,5.3,1.5
51119,1.5,5.3,1.5,5.3,1.5
51121,1.5,5.3,1.5,5.3,1.5
51125,1.5,5.3,1.5,5.3,1.5
51127,1.5,5.3,1.5,5.3,1.5
51131,1.5,5.3,1.5,5.3,1.5
51133,1.5,5.3,1.5,5.3,1.5
51135,1.5,5.3,1.5,5.3,1.5
51137,1.5,5.3,1.5,5.3,1.5
51139,1.5,5.3,1.5,5.3,1.5
51141,1.5,5.3,1.5,5.3,1.5
51143,1.5,5.3,1.5,5.3,1.5
51145,1.5,5.3,1.5,5.3,1.5
51147,1.5,5.3,1.5,5.3,1.5
51149,1.5,5.3,1.5,5.3,1.5
51153,1.5,5.3,1.5,5.3,1.5
51155,1.5,5.3,1.5,5.3,1.5
51157,1.5,5.3,1.5,5.3,1.5
51159,1.5,5.3,1.5,5.3,1.5
51161,1.5,5.3,1.5,5.3,1.5
51163,1.5,5.3,1.5,5.3,1.5
51165,1.5,5.3,1.5,5.3,1.5
51167,1.5,5.3,1.5,5.3,1.5
51169,1.5,5.3,1.5,5.3,1.5
51171,1.5,5.3,1.5,5.3,1.5
51173,1.5,5.3,1.5,5.3,1.5
51175,1.5,5.3,1.5,5.3,1.5
51177,1.5,5.3,1.5,5.3,1.5
51179,1.5,5.3,1.5,5.3,1.5
51181,1.5,5.3,1.5,5.3,1.5
51183,1.5,5.3,1.5,5.3,1.5
51185,1.5,5.3,1.5,5.3,1.5
51187,1.5,5.3,1.5,5.3,1.5
51191,1.5,5.3,1.5,5.3,1.5
51193,1.5,5.3,1.5,5.3,1.5
51195,1.5,5.3,1.5,5.3,1.5
51197,1.5,5.3,1.5,5.3,1.5
51199,1.5,5.3,1.5,5.3,1.5
51510,1.5,5.3,1.5,5.3,1.5
51515,1.5,5.3,1.5,5.3,1.5
51520,1.5,5.3,1.5,5.3,1.5
51530,1.5,5.3,1.5,5.3,1.5
51540,1.5,5.3,1.5,5.3,1.5
51550,1.5,5.3,1.5,5.3,1.5
51570,1.5,5.3,1.5,5.3,1.5
51580,1.5,5.3,1.5,5.3,1.5
51590,1.5,5.3,1.5,5.3,1.5
51595,1.5,5.3,1.5,5.3,1.5
51600,1.5,5.3,1.5,5.3,1.5
51610,1.5,5.3,1.5,5.3,1.5
51620,1.5,5.3,1.5,5.3,1.5
51630,1.5,5.3,1.5,5.3,1.5
51640,1.5,5.3,1.5,5.3,1.5
51650,1.5,5.3,1.5,5.3,1.5
51660,1.5,5.3,1.5,5.3,1.5
51670,1.5,5.3,1.5,5.3,1.5
51678,1.5,5.3,1.5,5.3,1.5
51680,1.5,5.3,1.5,5.3,1.5
51683,1.5,5.3,1.5,5.3,1.5
51685,1.5,5.3,1.5,5.3,1.5
51690,1.5,5.3,1.5,5.3,1.5
51700,1.5,5.3,1.5,5.3,1.5
51710,1.5,5.3,1.5,5.3,1.5
51720,1.5,5.3,1.5,5.3,1.5
51730,1.5,5.3,1.5,5.3,1.5
51735,1.5,5.3,1.5,5.3,1.5
51740,1.5,5.3,1.5,5.3,1.5
51750,1.5,5.3,1.5,5.3,1.5
51760,1.5,5.3,1.5,5.3,1.5
51770,1.5,5.3,1.5,5.3,1.5
51775,1.5,5.3,1.5,5.3,1.5
51790,1.5,5.3,1.5,5.3,1.5
51800,1.5,5.3,1.5,5.3,1.5
51810,1.5,5.3,1.5,5.3,1.5
51820,1.5,5.3,1.5,5.3,1.5
51830,1.5,5.3,1.5,5.3,1.5
51840,1.5,5.3,1.5,5.3,1.5
53001,6.5,6.5,0.0,6.5,0.0
53003,6.5,6.5,0.0,6.5,0.0
53005,6.5,6.5,0.0,6.5,0.0
53007,6.5,6.5,0.0,6.5,0.0
53009,6.5,6.5,0.0,6.5,0.0
53011,6.5,6.5,0.0,6.5,0.0
53013,6.5,6.5,0.0,6.5,0.0
53015,6.5,6.5,0.0,6.5,0.0
53017,6.5,6.5,0.0,6.5,0.0
53019,6.5,6.5,0.0,6.5,0.0
53021,6.5,6.5,0.0,6.5,0.0
53023,6.5,6.5,0.0,6.5,0.0
53025,6.5,6.5,0.0,6.5,0.0
53027,6.5,6.5,0.0,6.5,0.0
53029,6.5,6.5,0.0,6.5,0.0
53031,6.5,6.5,0.0,6.5,0.0
53033,6.5,6.5,0.0,6.5,0.0
53035,6.5,6.5,0.0,6.5,0.0
53037,6.5,6.5,0.0,6.5,0.0
53039,6.5,6.5,0.0,6.5,0.0
53041,6.5,6.5,0.0,6.5,0.0
53043,6.5,6.5,0.0,6.5,0.0
53045,6.5,6.5,0.0,6.5,0.0
53047,6.5,6.5,0.0,6.5,0.0
53049,6.5,6.5,0.0,6.5,0.0
53051,6.5,6.5,0.0,6.5,0.0
53053,6.5,6.5,0.0,6.5,0.0
53055,6.5,6.5,0.0,6.5,0.0
53057,6.5,6.5,0.0,6.5,0.0
53059,6.5,6.5,0.0,6.5,0.0
53061,6.5,6.5,0.0,6.5,0.0
53063,6.5,6.5,0.0,6.5,0.0
53065,6.5,6.5,0.0,6.5,0.0
53067,6.5,6.5,0.0,6.5,0.0
53069,6.5,6.5,0.0,6.5,0.0
53071,6.5,6.5,0.0,6.5,0.0
53073,6.5,6.5,0.0,6.5,0.0
53075,6.5,6.5,0.0,6.5,0.0
53077,6.5,6.5,0.0,6.5,0.0
54001,6.0,6.0,0.0,6.0,0.0
54003,6.0,6.0,0.0,6.0,0.0
54005,6.0,6.0,0.0,6.0,0.0
54007,6.0,6.0,0.0,6.0,0.0
54009,6.0,6.0,0.0,6.0,0.0
54011,6.0,6.0,0.0,6.0,0.0
54013,6.0,6.0,0.0,6.0,0.0
54015,6.0,6.0,0.0,6.0,0.0
54017,6.0,6.0,0.0,6.0,0.0
54019,6.0,6.0,0.0,6.0,0.0
54021,6.0,6.0,0.0,6.0,0.0
54023,6.0,6.0,0.0,6.0,0.0
54025,6.0,6.0,0.0,6.0,0.0
54027,6.0,6.0,0.0,6.0,0.0
54029,6.0,6.0,0.0,6.0,0.0
54031,6.0,6.0,0.0,6.0,0.0
54033,6.0,6.0,0.0,6.0,0.0
54035,6.0,6.0,0.0,6.0,0.0
54037,6.0,6.0,0.0,6.0,0.0
54039,6.0,6.0,0.0,6.0,0.0
54041,6.0,6.0,0.0,6.0,0.0
54043,6.0,6.0,0.0,6.0,0.0
54045,6.0,6.0,0.0,6.0,0.0
54047,6.0,6.0,0.0,6.0,0.0
54049,6.0,6.0,0.0,6.0,0.0
54051,6.0,6.0,0.0,6.0,0.0
54053,6.0,6.0,0.0,6.0,0.0
54055,6.0,6.0,0.0,6.0,0.0
54057,6.0,6.0,0.0,6.0,0.0
54059,6.0,6.0,0.0,6.0,0.0
54061,6.0,6.0,0.0,6.0,0.0
54063,6.0,6.0,0.0,6.0,0.0
54065,6.0,6.0,0.0,6.0,0.0
54067,6.0,6.0,0.0,6.0,0.0
54069,6.0,6.0,0.0,6.0,0.0
54071,6.0,6.0,0.0,6.0,0.0
54073,6.0,6.0,0.0,6.0,0.0
54075,6.0,6.0,0.0,6.0,0.0
54077,6.0,6.0,0.0,6.0,0.0
54079,6.0,6.0,0.0,6.0,0.0
54081,6.0,6.0,0.0,6.0,0.0
54083,6.0,6.0,0.0,6.0,0.0
54085,6.0,6.0,0.0,6.0,0.0
54087,6.0,6.0,0.0,6.0,0.0
54089,6.0,6.0,0.0,6.0,0.0
54091,6.0,6.0,0.0,6.0,0.0
54093,6.0,6.0,0.0,6.0,0.0
54095,6.0,6.0,0.0,6.0,0.0
54097,6.0,6.0,0.0,6.0,0.0
54099,6.0,6.0,0.0,6.0,0.0
54101,6.0,6.0,0.0,6.0,0.0
54103,6.0,6.0,0.0,6.0,0.0
54105,6.0,6.0,0.0,6.0,0.0
54107,6.0,6.0,0.0,6.0,0.0
54109,6.0,6.0,0.0,6.0,0.0
55001,5.0,5.0,0.0,0.0,0.0
55003,5.0,5.0,0.0,0.0,0.0
55005,5.0,5.0,0.0,0.0,0.0
55007,5.0,5.0,0.0,0.0,0.0
55009,5.0,5.0,0.0,0.0,0.0
55011,5.0,5.0,0.0,0.0,0.0
55013,5.0,5.0,0.0,0.0,0.0
55015,5.0,5.0,0.0,0.0,0.0
55017,5.0,5.0,0.0,0.0,0.0
55019,5.0,5.0,0.0,0.0,0.0
55021,5.0,5.0,0.0,0.0,0.0
55023,5.0,5.0,0.0,0.0,0.0
55025,5.0,5.0,0.0,0.0,0.0
55027,5.0,5.0,0.0,0.0,0.0
55029,5.0,5.0,0.0,0.0,0.0
55031,5.0,5.0,0.0,0.0,0.0
55033,5.0,5.0,0.0,0.0,0.0
55035,5.0,5.0,0.0,0.0,0.0
55037,5.0,5.0,0.0,0.0,0.0
55039,5.0,5.0,0.0,0.0,0.0
55041,5.0,5.0,0.0,0.0,0.0
55043,5.0,5.0,0.0,0.0,0.0
55045,5.0,5.0,0.0,0.0,0.0
55047,5.0,5.0,0.0,0.0,0.0
55049,5.0,5.0,0.0,0.0,0.0
55051,5.0,5.0,0.0,0.0,0.0
55053,5.0,5.0,0.0,0.0,0.0
55055,5.0,5.0,0.0,0.0,0.0
55057,5.0,5.0,0.0,0.0,0.0
55059,5.0,5.0,0.0,0.0,0.0
55061,5.0,5.0,0.0,0.0,0.0
55063,5.0,5.0,0.0,0.0,0.0
55065,5.0,5.0,0.0,0.0,0.0
55067,5.0,5.0,0.0,0.0,0.0
55069,5.0,5.0,0.0,0.0,0.0
55071,5.0,5.0,0.0,0.0,0.0
55073,5.0,5.0,0.0,0.0,0.0
55075,5.0,5.0,0.0,0.0,0.0
55077,5.0,5.0,0.0,0.0,0.0
55078,5.0,5.0,0.0,0.0,0.0
55079,5.0,5.0,0.0,0.0,0.0
55081,5.0,5.0,0.0,0.0,0.0
55083,5.0,5.0,0.0,0.0,0.0
55085,5.0,5.0,0.0,0.0,0.0
55087,5.0,5.0,0.0,0.0,0.0
55089,5.0,5.0,0.0,0.0,0.0
55091,5.0,5.0,0.0,0.0,0.0
55093,5.0,5.0,0.0,0.0,0.0
55095,5.0,5.0,0.0,0.0,0.0
55097,5.0,5.0,0.0,0.0,0.0
55099,5.0,5.0,0.0,0.0,0.0
55101,5.0,5.0,0.0,0.0,0.0
55103,5.0,5.0,0.0,0.0,0.0
55105,5.0,5.0,0.0,0.0,0.0
55107,5.0,5.0,0.0,0.0,0.0
55109,5.0,5.0,0.0,0.0,0.0
55111,5.0,5.0,0.0,0.0,0.0
55113,5.0,5.0,0.0,0.0,0.0
55115,5.0,5.0,0.0,0.0,0.0
55117,5.0,5.0,0.0,0.0,0.0
55119,5.0,5.0,0.0,0.0,0.0
55121,5.0,5.0,0.0,0.0,0.0
55123,5.0,5.0,0.0,0.0,0.0
55125,5.0,5.0,0.0,0.0,0.0
55127,5.0,5.0,0.0,0.0,0.0
55129,5.0,5.0,0.0,0.0,0.0
55131,5.0,5.0,0.0,0.0,0.0
55133,5.0,5.0,0.0,0.0,0.0
55135,5.0,5.0,0.0,0.0,0.0
55137,5.0,5.0,0.0,0.0,0.0
55139,5.0,5.0,0.0,0.0,0.0
55141,5.0,5.0,0.0,0.0,0.0
56001,0.0,4.0,0.0,4.0,0.0
56003,0.0,4.0,0.0,4.0,0.0
56005,0.0,4.0,0.0,4.0,0.0
56007,0.0,4.0,0.0,4.0,0.0
56009,0.0,4.0,0.0,4.0,0.0
56011,0.0,4.0,0.0,4.0,0.0
56013,0.0,4.0,0.0,4.0,0.0
56015,0.0,4.0,0.0,4.0,0.0
56017,0.0,4.0,0.0,4.0,0.0
56019,0.0,4.0,0.0,4.0,0.0
56021,0.0,4.0,0.0,4.0,0.0
56023,0.0,4.0,0.0,4.0,0.0
56025,0.0,4.0,0.0,4.0,0.0
56027,0.0,4.0,0.0,4.0,0.0
56029,0.0,4.0,0.0,4.0,0.0
56031,0.0,4.0,0.0,4.0,0.0
56033,0.0,4.0,0.0,4.0,0.0
56035,0.0,4.0,0.0,4.0,0.0
56037,0.0,4.0,0.0,4.0,0.0
56039,0.0,4.0,0.0,4.0,0.0
56041,0.0,4.0,0.0,4.0,0.0
56043,0.0,4.0,0.0,4.0,0.0
56045,0.0,4.0,0.0,4.0,0.0
