fips,median_household_income
01001,"58,343"
01003,"56,607"
01005,"32,490"
01007,"45,795"
01009,"48,253"
01011,"29,113"
01013,"36,842"
01015,"45,937"
01017,"36,883"
01019,"44,842"
01021,"46,405"
01023,"36,711"
01025,"36,719"
01027,"39,642"
01029,"45,480"
01031,"51,998"
01033,"46,100"
01035,"30,796"
01037,"42,442"
01039,"39,093"
01041,"38,419"
01043,"45,925"
01045,"42,572"
01047,"31,329"
01049,"39,906"
01051,"59,652"
01053,"37,870"
01055,"41,791"
01057,"39,394"
01059,"41,025"
01061,"38,561"
01063,"28,108"
01065,"34,905"
01067,"48,094"
01069,"44,753"
01071,"42,658"
01073,"50,731"
01075,"39,796"
01077,"46,646"
01079,"42,912"
01081,"51,372"
01083,"57,342"
01085,"33,130"
01087,"30,849"
01089,"62,750"
01091,"37,469"
01093,"38,049"
01095,"42,751"
01097,"45,615"
01099,"36,432"
01101,"45,833"
01103,"49,274"
01105,"26,703"
01107,"38,379"
01109,"40,680"
01111,"41,112"
01113,"36,186"
01115,"52,755"
01117,"74,098"
01119,"26,495"
01121,"41,733"
01123,"44,469"
01125,"51,644"
01127,"41,925"
01129,"44,249"
01131,"25,700"
01133,"38,562"
02013,"69,375"
02016,"80,290"
02020,"78,579"
02050,"45,582"
02060,"70,094"
02068,"73,220"
02070,"52,641"
02090,"74,241"
02100,"53,413"
02105,"50,573"
02110,"90,436"
02122,"63,559"
02130,"71,298"
02150,"71,118"
02158,"31,250"
02164,"47,644"
02170,"72,296"
02180,"53,877"
02185,"82,736"
02188,"53,060"
02195,"59,176"
02198,"46,488"
02220,"69,501"
02230,"66,991"
02240,"59,382"
02261,"86,196"
02275,"55,696"
02282,"59,955"
02290,"37,907"
04001,"33,053"
04003,"48,966"
04005,"54,399"
04007,"38,897"
04009,"46,378"
04011,"63,557"
04012,"36,389"
04013,"62,221"
04015,"42,210"
04017,"40,883"
04019,"51,392"
04021,"53,114"
04023,"39,265"
04025,"49,860"
04027,"46,013"
05001,"43,752"
05003,"40,495"
05005,"43,011"
05007,"64,728"
05009,"41,770"
05011,"35,950"
05013,"42,484"
05015,"38,297"
05017,"31,810"
05019,"40,536"
05021,"35,164"
05023,"43,170"
05025,"47,812"
05027,"38,488"
05029,"43,519"
05031,"49,355"
05033,"44,850"
05035,"39,272"
05037,"41,661"
05039,"33,739"
05041,"33,228"
05043,"41,339"
05045,"51,535"
05047,"41,140"
05049,"35,723"
05051,"44,662"
05053,"54,819"
05055,"46,029"
05057,"39,505"
05059,"42,329"
05061,"36,744"
05063,"42,332"
05065,"37,958"
05067,"36,235"
05069,"38,677"
05071,"39,798"
05073,"33,378"
05075,"40,777"
05077,"28,875"
05079,"43,821"
05081,"42,063"
05083,"37,676"
05085,"54,378"
05087,"40,568"
05089,"39,539"
05091,"44,325"
05093,"39,678"
05095,"32,427"
05097,"35,500"
05099,"46,687"
05101,"34,036"
05103,"39,576"
05105,"44,118"
05107,"27,663"
05109,"37,493"
05111,"39,778"
05113,"35,678"
05115,"45,803"
05117,"43,139"
05119,"52,361"
05121,"35,989"
05123,"31,561"
05125,"61,384"
05127,"33,354"
05129,"30,640"
05131,"44,058"
05133,"41,649"
05135,"34,266"
05137,"32,778"
05139,"43,827"
05141,"36,244"
05143,"50,400"
05145,"44,088"
05147,"32,271"
05149,"40,325"
06001,"95,550"
06003,"55,755"
06005,"60,588"
06007,"48,634"
06009,"58,536"
06011,"53,595"
06013,"95,062"
06015,"39,996"
06017,"78,464"
06019,"51,452"
06021,"49,979"
06023,"46,123"
06025,"43,413"
06027,"53,528"
06029,"49,904"
06031,"55,076"
06033,"45,797"
06035,"58,776"
06037,"64,912"
06039,"50,783"
06041,"112,735"
06043,"52,387"
06045,"50,453"
06047,"48,036"
06049,"40,970"
06051,"60,318"
06053,"70,294"
06055,"83,881"
06057,"64,901"
06059,"86,031"
06061,"81,366"
06063,"51,756"
06065,"63,776"
06067,"62,959"
06069,"77,200"
06071,"60,270"
06073,"76,048"
06075,"109,601"
06077,"60,950"
06079,"70,634"
06081,"115,908"
06083,"70,651"
06085,"118,468"
06087,"76,633"
06089,"51,207"
06091,"49,495"
06093,"44,013"
06095,"75,931"
06097,"79,511"
06099,"58,925"
06101,"54,102"
06103,"41,819"
06105,"40,676"
06107,"46,377"
06109,"58,776"
06111,"82,436"
06113,"64,900"
06115,"53,822"
08001,"65,977"
08003,"43,121"
08005,"75,196"
08007,"52,481"
08009,"35,725"
08011,"37,307"
08013,"80,701"
08014,"91,968"
08015,"53,545"
08017,"50,571"
08019,"71,850"
08021,"36,852"
08023,"30,486"
08025,"38,112"
08027,"54,080"
08029,"43,528"
08031,"64,974"
08033,"44,882"
08035,"112,386"
08037,"88,913"
08039,"102,731"
08041,"65,260"
08043,"48,820"
08045,"71,897"
08047,"79,636"
08049,"61,241"
08051,"53,480"
08053,"59,157"
08055,"37,424"
08057,"48,785"
08059,"80,562"
08061,"43,845"
08063,"44,028"
08065,"49,799"
08067,"61,974"
08069,"69,443"
08071,"39,552"
08073,"45,308"
08075,"50,246"
08077,"52,623"
08079,"55,906"
08081,"57,680"
08083,"48,692"
08085,"51,031"
08087,"50,453"
08089,"37,907"
08091,"63,627"
08093,"69,884"
08095,"52,096"
08097,"78,596"
08099,"41,238"
08101,"44,060"
08103,"58,336"
08105,"41,693"
08107,"76,505"
08109,"36,558"
08111,"46,985"
08113,"70,418"
08115,"39,880"
08117,"75,420"
08119,"68,078"
08121,"48,325"
08123,"68,679"
08125,"48,893"
09001,"91,170"
09003,"70,433"
09005,"77,968"
09007,"81,533"
09009,"66,764"
09011,"71,721"
09013,"75,571"
09015,"62,606"
10001,"57,112"
10003,"66,839"
10005,"61,124"
11001,"80,153"
12001,"45,230"
12003,"51,856"
12005,"51,633"
12007,"44,997"
12009,"52,596"
12011,"56,702"
12013,"37,612"
12015,"51,583"
12017,"43,147"
12019,"65,375"
12021,"66,709"
12023,"42,097"
12027,"37,342"
12029,"38,355"
12031,"52,105"
12033,"48,289"
12035,"52,713"
12037,"40,158"
12039,"38,084"
12041,"42,880"
12043,"42,865"
12045,"44,135"
12047,"35,262"
12049,"40,056"
12051,"38,361"
12053,"44,710"
12055,"37,445"
12057,"54,741"
12059,"40,657"
12061,"51,797"
12063,"41,524"
12065,"48,163"
12067,"41,549"
12069,"51,429"
12071,"54,198"
12073,"51,716"
12075,"37,272"
12077,"41,308"
12079,"37,256"
12081,"55,189"
12083,"43,772"
12085,"58,344"
12086,"49,758"
12087,"63,009"
12089,"70,590"
12091,"60,798"
12093,"42,524"
12095,"54,021"
12097,"49,284"
12099,"60,059"
12101,"51,247"
12103,"51,488"
12105,"48,328"
12107,"34,390"
12109,"77,022"
12111,"49,995"
12113,"65,434"
12115,"58,423"
12117,"63,865"
12119,"57,931"
12121,"44,144"
12123,"41,557"
12125,"47,373"
12127,"46,911"
12129,"55,717"
12131,"52,922"
12133,"36,052"
13001,"40,862"
13003,"34,821"
13005,"38,417"
13007,"37,286"
13009,"40,358"
13011,"49,481"
13013,"60,028"
13015,"55,067"
13017,"32,370"
13019,"38,239"
13021,"39,047"
13023,"44,262"
13025,"40,906"
13027,"36,030"
13029,"73,877"
13031,"42,068"
13033,"41,863"
13035,"46,062"
13037,"33,889"
13039,"53,582"
13043,"33,846"
13045,"51,388"
13047,"53,833"
13049,"40,636"
13051,"54,667"
13053,"44,439"
13055,"39,325"
13057,"78,247"
13059,"39,901"
13061,"29,122"
13063,"44,757"
13065,"37,174"
13067,"75,485"
13069,"39,408"
13071,"36,651"
13073,"75,832"
13075,"36,463"
13077,"73,296"
13079,"47,422"
13081,"34,754"
13083,"45,053"
13085,"64,930"
13087,"37,835"
13089,"61,496"
13091,"36,067"
13093,"35,781"
13095,"36,994"
13097,"60,177"
13099,"32,490"
13101,"36,559"
13103,"68,109"
13105,"35,452"
13107,"33,551"
13109,"34,464"
13111,"42,986"
13113,"87,831"
13115,"45,979"
13117,"103,083"
13119,"42,703"
13121,"64,901"
13123,"46,200"
13125,"43,529"
13127,"50,740"
13129,"46,868"
13131,"41,095"
13133,"50,736"
13135,"68,957"
13137,"49,292"
13139,"61,320"
13141,"31,247"
13143,"45,167"
13145,"72,811"
13147,"44,603"
13149,"44,575"
13151,"67,493"
13153,"59,291"
13155,"38,511"
13157,"63,422"
13159,"50,234"
13161,"36,786"
13163,"35,201"
13165,"32,472"
13167,"35,243"
13169,"56,039"
13171,"41,060"
13173,"39,165"
13175,"38,078"
13177,"68,891"
13179,"45,655"
13181,"44,819"
13183,"48,328"
13185,"42,019"
13187,"55,453"
13189,"40,814"
13191,"40,832"
13193,"32,974"
13195,"47,956"
13197,"39,408"
13199,"38,442"
13201,"37,878"
13205,"36,234"
13207,"57,038"
13209,"41,858"
13211,"55,251"
13213,"45,975"
13215,"42,610"
13217,"55,632"
13219,"92,216"
13221,"44,718"
13223,"67,906"
13225,"46,608"
13227,"61,145"
13229,"42,140"
13231,"62,250"
13233,"43,488"
13235,"39,743"
13237,"47,710"
13239,"31,151"
13241,"43,042"
13243,"30,847"
13245,"38,297"
13247,"59,341"
13249,"43,568"
13251,"38,870"
13253,"35,527"
13255,"45,121"
13257,"40,483"
13259,"31,800"
13261,"36,611"
13263,"36,269"
13265,"30,586"
13267,"38,672"
13269,"35,608"
13271,"31,354"
13273,"33,939"
13275,"43,257"
13277,"41,544"
13279,"35,226"
13281,"44,055"
13283,"34,473"
13285,"43,112"
13287,"33,310"
13289,"39,639"
13291,"46,097"
13293,"39,780"
13295,"44,176"
13297,"58,028"
13299,"38,412"
13301,"34,680"
13303,"37,464"
13305,"45,814"
13307,"39,266"
13309,"31,001"
13311,"50,194"
13313,"42,568"
13315,"35,015"
13317,"34,897"
13319,"40,906"
13321,"42,913"
15001,"56,540"
15003,"80,947"
15005,.
15007,"74,881"
15009,"76,376"
16001,"61,469"
16003,"43,442"
16005,"51,093"
16007,"51,343"
16009,"43,570"
16011,"52,697"
16013,"68,101"
16015,"56,067"
16017,"47,537"
16019,"55,744"
16021,"43,835"
16023,"45,226"
16025,"51,045"
16027,"47,915"
16029,"58,739"
16031,"51,323"
16033,"42,226"
16035,"46,214"
16037,"44,100"
16039,"45,708"
16041,"55,056"
16043,"48,581"
16045,"47,481"
16047,"46,218"
16049,"42,503"
16051,"59,869"
16053,"50,728"
16055,"56,921"
16057,"49,445"
16059,"41,153"
16061,"44,674"
16063,"49,207"
16065,"40,666"
16067,"48,485"
16069,"54,729"
16071,"60,264"
16073,"44,251"
16075,"50,817"
16077,"45,922"
16079,"46,793"
16081,"63,168"
16083,"50,909"
16085,"56,532"
16087,"41,757"
17001,"49,088"
17003,"33,985"
17005,"54,831"
17007,"69,413"
17009,"53,875"
17011,"55,632"
17013,"55,138"
17015,"49,744"
17017,"50,568"
17019,"51,466"
17021,"52,817"
17023,"55,205"
17025,"45,028"
17027,"65,586"
17029,"46,012"
17031,"61,401"
17033,"49,712"
17035,"55,622"
17037,"60,856"
17039,"56,091"
17041,"54,538"
17043,"89,536"
17045,"46,916"
17047,"48,649"
17049,"60,061"
17051,"45,193"
17053,"55,356"
17055,"40,682"
17057,"49,315"
17059,"42,533"
17061,"47,188"
17063,"76,214"
17065,"49,092"
17067,"52,625"
17069,"40,160"
17071,"51,014"
17073,"58,675"
17075,"50,131"
17077,"38,157"
17079,"55,240"
17081,"50,622"
17083,"58,928"
17085,"51,866"
17087,"49,763"
17089,"75,739"
17091,"57,706"
17093,"97,039"
17095,"44,686"
17097,"86,242"
17099,"56,854"
17101,"45,235"
17103,"59,450"
17105,"55,003"
17107,"56,838"
17109,"44,524"
17111,"86,450"
17113,"68,895"
17115,"51,828"
17117,"51,756"
17119,"58,077"
17121,"45,126"
17123,"55,337"
17125,"51,731"
17127,"47,646"
17129,"65,367"
17131,"52,846"
17133,"83,767"
17135,"51,206"
17137,"52,357"
17139,"60,496"
17141,"60,656"
17143,"54,195"
17145,"50,553"
17147,"67,173"
17149,"43,301"
17151,"43,119"
17153,"38,846"
17155,"64,000"
17157,"52,749"
17159,"48,489"
17161,"51,805"
17163,"51,937"
17165,"41,394"
17167,"61,519"
17169,"52,946"
17171,"49,745"
17173,"51,873"
17175,"51,446"
17177,"48,237"
17179,"61,086"
17181,"45,847"
17183,"43,649"
17185,"52,535"
17187,"54,023"
17189,"56,118"
17191,"46,339"
17193,"48,202"
17195,"54,284"
17197,"82,477"
17199,"49,993"
17201,"53,490"
17203,"75,733"
18001,"51,488"
18003,"52,661"
18005,"61,943"
18007,"52,841"
18009,"42,636"
18011,"82,670"
18013,"56,979"
18015,"55,471"
18017,"47,727"
18019,"52,746"
18021,"50,746"
18023,"51,540"
18025,"42,555"
18027,"46,292"
18029,"65,005"
18031,"55,808"
18033,"54,289"
18035,"41,874"
18037,"63,033"
18039,"58,781"
18041,"44,970"
18043,"61,009"
18045,"50,817"
18047,"62,467"
18049,"51,088"
18051,"53,714"
18053,"44,790"
18055,"59,347"
18057,"95,080"
18059,"73,294"
18061,"57,136"
18063,"75,647"
18065,"48,915"
18067,"51,035"
18069,"53,635"
18071,"48,789"
18073,"58,891"
18075,"46,740"
18077,"51,163"
18079,"48,961"
18081,"70,690"
18083,"44,044"
18085,"62,666"
18087,"63,291"
18089,"54,929"
18091,"51,532"
18093,"49,112"
18095,"44,987"
18097,"47,642"
18099,"53,387"
18101,"50,203"
18103,"47,225"
18105,"49,180"
18107,"53,720"
18109,"61,068"
18111,"58,384"
18113,"52,764"
18115,"56,915"
18117,"43,061"
18119,"49,044"
18121,"48,537"
18123,"50,670"
18125,"49,844"
18127,"67,525"
18129,"65,617"
18131,"50,022"
18133,"57,402"
18135,"46,016"
18137,"52,562"
18139,"51,113"
18141,"52,188"
18143,"48,615"
18145,"61,327"
18147,"56,646"
18149,"46,940"
18151,"55,184"
18153,"46,810"
18155,"47,478"
18157,"52,858"
18159,"55,503"
18161,"48,206"
18163,"47,456"
18165,"46,330"
18167,"42,497"
18169,"50,177"
18171,"58,045"
18173,"75,727"
18175,"47,686"
18177,"44,179"
18179,"55,221"
18181,"52,377"
18183,"60,126"
19001,"52,155"
19003,"48,191"
19005,"49,445"
19007,"42,274"
19009,"51,484"
19011,"67,946"
19013,"50,426"
19015,"60,558"
19017,"64,213"
19019,"62,294"
19021,"53,230"
19023,"58,386"
19025,"51,754"
19027,"55,084"
19029,"49,281"
19031,"63,430"
19033,"54,454"
19035,"56,343"
19037,"56,819"
19039,"49,889"
19041,"53,615"
19043,"54,740"
19045,"50,729"
19047,"53,806"
19049,"90,133"
19051,"51,477"
19053,"41,843"
19055,"60,458"
19057,"50,773"
19059,"56,496"
19061,"60,936"
19063,"49,353"
19065,"46,389"
19067,"51,901"
19069,"53,157"
19071,"52,616"
19073,"52,459"
19075,"72,184"
19077,"57,635"
19079,"57,106"
19081,"56,542"
19083,"52,662"
19085,"55,835"
19087,"53,670"
19089,"53,046"
19091,"57,197"
19093,"55,732"
19095,"64,091"
19097,"53,539"
19099,"56,134"
19101,"47,907"
19103,"61,395"
19105,"58,689"
19107,"50,980"
19109,"55,491"
19111,"50,481"
19113,"63,754"
19115,"56,067"
19117,"46,169"
19119,"61,749"
19121,"66,012"
19123,"55,947"
19125,"61,175"
19127,"50,495"
19129,"67,016"
19131,"54,451"
19133,"49,236"
19135,"52,047"
19137,"51,317"
19139,"59,042"
19141,"60,375"
19143,"56,459"
19145,"47,994"
19147,"52,311"
19149,"67,056"
19151,"47,919"
19153,"66,112"
19155,"57,867"
19157,"55,766"
19159,"45,259"
19161,"54,328"
19163,"59,461"
19165,"56,373"
19167,"70,601"
19169,"61,381"
19171,"52,685"
19173,"47,383"
19175,"47,814"
19177,"47,667"
19179,"46,981"
19181,"76,146"
19183,"59,903"
19185,"45,384"
19187,"48,712"
19189,"54,045"
19191,"59,365"
19193,"54,528"
19195,"55,404"
19197,"52,803"
20001,"42,957"
20003,"46,595"
20005,"45,941"
20007,"47,948"
20009,"46,934"
20011,"41,847"
20013,"45,637"
20015,"65,561"
20017,"47,436"
20019,"41,890"
20021,"42,469"
20023,"42,247"
20025,"51,621"
20027,"50,634"
20029,"46,241"
20031,"57,021"
20033,"46,636"
20035,"46,703"
20037,"39,461"
20039,"42,077"
20041,"52,562"
20043,"48,553"
20045,"56,007"
20047,"47,725"
20049,"39,556"
20051,"49,715"
20053,"51,355"
20055,"54,534"
20057,"50,080"
20059,"55,330"
20061,"52,012"
20063,"47,029"
20065,"41,138"
20067,"59,534"
20069,"67,671"
20071,"48,647"
20073,"40,741"
20075,"47,454"
20077,"44,594"
20079,"55,470"
20081,"54,145"
20083,"51,962"
20085,"49,779"
20087,"66,044"
20089,"43,234"
20091,"83,516"
20093,"50,526"
20095,"50,081"
20097,"44,374"
20099,"46,819"
20101,"55,083"
20103,"70,740"
20105,"43,865"
20107,"47,300"
20109,"48,024"
20111,"47,279"
20113,"55,686"
20115,"49,980"
20117,"49,466"
20119,"56,397"
20121,"69,327"
20123,"43,743"
20125,"45,808"
20127,"49,561"
20129,"50,698"
20131,"58,729"
20133,"44,073"
20135,"49,258"
20137,"47,697"
20139,"53,537"
20141,"42,832"
20143,"46,585"
20145,"47,677"
20147,"47,196"
20149,"65,956"
20151,"56,540"
20153,"44,596"
20155,"48,588"
20157,"44,247"
20159,"51,102"
20161,"50,212"
20163,"44,086"
20165,"44,203"
20167,"43,139"
20169,"50,072"
20171,"59,798"
20173,"54,176"
20175,"46,541"
20177,"56,810"
20179,"51,363"
20181,"45,991"
20183,"41,047"
20185,"46,396"
20187,"57,769"
20189,"56,569"
20191,"53,212"
20193,"53,249"
20195,"46,634"
20197,"63,690"
20199,"52,621"
20201,"47,889"
20203,"54,401"
20205,"41,866"
20207,"38,840"
20209,"46,032"
21001,"35,026"
21003,"40,955"
21005,"53,113"
21007,"44,010"
21009,"41,477"
21011,"40,507"
21013,"28,150"
21015,"78,163"
21017,"46,281"
21019,"40,752"
21021,"48,290"
21023,"49,416"
21025,"27,372"
21027,"43,148"
21029,"62,550"
21031,"47,146"
21033,"42,857"
21035,"43,554"
21037,"61,384"
21039,"42,019"
21041,"48,404"
21043,"37,186"
21045,"31,395"
21047,"43,124"
21049,"53,784"
21051,"26,386"
21053,"29,641"
21055,"41,522"
21057,"31,736"
21059,"50,359"
21061,"39,490"
21063,"32,846"
21065,"34,096"
21067,"56,192"
21069,"41,029"
21071,"32,841"
21073,"53,198"
21075,"30,761"
21077,"47,907"
21079,"50,518"
21081,"51,849"
21083,"41,963"
21085,"38,133"
21087,"36,809"
21089,"46,699"
21091,"49,475"
21093,"52,673"
21095,"25,815"
21097,"49,694"
21099,"38,182"
21101,"47,589"
21103,"50,721"
21105,"40,902"
21107,"44,419"
21109,"31,355"
21111,"54,977"
21113,"57,015"
21115,"37,724"
21117,"59,594"
21119,"31,788"
21121,"28,586"
21123,"45,288"
21125,"39,830"
21127,"28,672"
21129,"28,084"
21131,"29,317"
21133,"32,635"
21135,"35,056"
21137,"39,347"
21139,"44,435"
21141,"47,174"
21143,"44,318"
21145,"48,994"
21147,"28,024"
21149,"44,574"
21151,"50,783"
21153,"28,077"
21155,"46,125"
21157,"50,786"
21159,"30,177"
21161,"45,608"
21163,"58,873"
21165,"36,595"
21167,"47,611"
21169,"33,139"
21171,"32,518"
21173,"43,890"
21175,"34,121"
21177,"40,338"
21179,"58,960"
21181,"40,264"
21183,"43,142"
21185,"97,960"
21187,"48,362"
21189,"25,344"
21191,"52,861"
21193,"34,105"
21195,"34,076"
21197,"35,817"
21199,"36,295"
21201,"43,227"
21203,"36,756"
21205,"41,050"
21207,"33,575"
21209,"67,234"
21211,"65,054"
21213,"47,542"
21215,"80,808"
21217,"41,087"
21219,"43,512"
21221,"47,963"
21223,"53,024"
21225,"46,708"
21227,"49,966"
21229,"49,750"
21231,"34,382"
21233,"42,968"
21235,"33,809"
21237,"29,326"
21239,"64,177"
22001,"39,252"
22003,"42,846"
22005,"72,154"
22007,"45,774"
22009,"36,177"
22011,"51,422"
22013,"30,483"
22015,"52,158"
22017,"37,636"
22019,"52,407"
22021,"39,863"
22023,"56,025"
22025,"32,380"
22027,"34,109"
22029,"33,873"
22031,"40,839"
22033,"54,494"
22035,"26,431"
22037,"45,839"
22039,"33,942"
22041,"32,485"
22043,"44,298"
22045,"40,964"
22047,"44,410"
22049,"38,893"
22051,"51,461"
22053,"43,317"
22055,"52,827"
22057,"53,081"
22059,"44,125"
22061,"39,941"
22063,"61,297"
22065,"29,507"
22067,"32,988"
22069,"33,439"
22071,"37,407"
22073,"41,301"
22075,"56,199"
22077,"45,675"
22079,"42,238"
22081,"35,662"
22083,"36,432"
22085,"40,021"
22087,"44,553"
22089,"65,335"
22091,"36,723"
22093,"53,045"
22095,"55,941"
22097,"35,693"
22099,"44,574"
22101,"38,413"
22103,"67,926"
22105,"44,256"
22107,"27,959"
22109,"47,971"
22111,"40,395"
22113,"50,562"
22115,"45,711"
22117,"37,792"
22119,"32,522"
22121,"64,921"
22123,"37,759"
22125,"56,584"
22127,"39,474"
23001,"48,446"
23003,"42,600"
23005,"70,661"
23007,"45,280"
23009,"51,009"
23011,"52,265"
23013,"51,723"
23015,"52,019"
23017,"50,367"
23019,"49,836"
23021,"40,841"
23023,"61,047"
23025,"42,426"
23027,"54,547"
23029,"37,943"
23031,"66,025"
24001,"42,564"
24003,"96,133"
24005,"73,309"
24009,"100,000"
24011,"56,338"
24013,"92,890"
24015,"72,259"
24017,"94,478"
24019,"47,011"
24021,"91,727"
24023,"46,899"
24025,"80,922"
24027,"111,576"
24029,"57,760"
24031,"102,944"
24033,"80,858"
24035,"90,696"
24037,"82,433"
24039,"40,320"
24041,"70,620"
24043,"59,828"
24045,"52,341"
24047,"61,405"
24510,"46,762"
25001,"70,576"
25003,"56,063"
25005,"67,085"
25007,"67,390"
25009,"75,309"
25011,"57,930"
25013,"51,850"
25015,"67,774"
25017,"97,851"
25019,"92,347"
25021,"100,710"
25023,"86,026"
25025,"65,999"
25027,"70,222"
26001,"41,615"
26003,"46,991"
26005,"62,421"
26007,"40,603"
26009,"50,583"
26011,"41,275"
26013,"42,180"
26015,"59,460"
26017,"45,771"
26019,"54,065"
26021,"48,924"
26023,"49,387"
26025,"46,113"
26027,"52,063"
26029,"51,457"
26031,"43,724"
26033,"44,586"
26035,"36,661"
26037,"66,003"
26039,"47,068"
26041,"50,802"
26043,"48,291"
26045,"64,318"
26047,"52,796"
26049,"46,457"
26051,"41,667"
26053,"38,343"
26055,"59,674"
26057,"42,653"
26059,"47,610"
26061,"45,127"
26063,"46,627"
26065,"51,186"
26067,"57,318"
26069,"41,755"
26071,"42,082"
26073,"45,683"
26075,"50,895"
26077,"56,199"
26079,"43,357"
26081,"61,146"
26083,"43,812"
26085,"35,005"
26087,"57,621"
26089,"66,372"
26091,"56,416"
26093,"82,076"
26095,"44,479"
26097,"43,427"
26099,"60,475"
26101,"45,504"
26103,"49,472"
26105,"46,579"
26107,"45,785"
26109,"48,627"
26111,"61,290"
26113,"44,553"
26115,"61,121"
26117,"46,664"
26119,"40,170"
26121,"48,885"
26123,"47,521"
26125,"77,558"
26127,"46,423"
26129,"38,220"
26131,"37,208"
26133,"41,268"
26135,"39,253"
26137,"51,814"
26139,"68,816"
26141,"43,244"
26143,"40,306"
26145,"45,433"
26147,"56,671"
26149,"50,854"
26151,"47,287"
26153,"41,973"
26155,"53,055"
26157,"47,357"
26159,"52,114"
26161,"70,509"
26163,"45,182"
26165,"46,072"
27001,"44,344"
27003,"79,097"
27005,"54,502"
27007,"47,336"
27009,"58,572"
27011,"48,553"
27013,"56,137"
27015,"57,742"
27017,"60,740"
27019,"102,511"
27021,"51,884"
27023,"60,039"
27025,"82,118"
27027,"60,213"
27029,"48,115"
27031,"51,146"
27033,"48,976"
27035,"54,065"
27037,"81,004"
27039,"70,431"
27041,"62,809"
27043,"45,963"
27045,"56,165"
27047,"52,117"
27049,"65,953"
27051,"50,943"
27053,"74,568"
27055,"55,558"
27057,"56,129"
27059,"70,594"
27061,"49,934"
27063,"55,981"
27065,"53,181"
27067,"59,816"
27069,"52,327"
27071,"48,942"
27073,"53,046"
27075,"55,622"
27077,"49,828"
27079,"69,581"
27081,"51,278"
27083,"55,255"
27085,"61,822"
27087,"43,591"
27089,"56,330"
27091,"53,805"
27093,"56,068"
27095,"53,273"
27097,"55,709"
27099,"55,772"
27101,"60,682"
27103,"66,944"
27105,"49,935"
27107,"50,481"
27109,"77,110"
27111,"53,033"
27113,"56,015"
27115,"52,226"
27117,"50,784"
27119,"54,717"
27121,"59,903"
27123,"61,924"
27125,"51,785"
27127,"53,985"
27129,"54,758"
27131,"65,011"
27133,"60,041"
27135,"58,742"
27137,"53,013"
27139,"99,685"
27141,"87,094"
27143,"59,378"
27145,"63,017"
27147,"60,143"
27149,"59,406"
27151,"53,561"
27153,"49,962"
27155,"50,692"
27157,"63,374"
27159,"45,716"
27161,"59,246"
27163,"92,582"
27165,"50,678"
27167,"58,118"
27169,"55,577"
27171,"80,805"
27173,"53,596"
28001,"31,044"
28003,"39,528"
28005,"35,422"
28007,"35,158"
28009,"35,797"
28011,"34,216"
28013,"35,886"
28015,"40,798"
28017,"37,231"
28019,"37,561"
28021,"28,518"
28023,"38,840"
28025,"36,044"
28027,"28,921"
28029,"39,107"
28031,"39,644"
28033,"66,125"
28035,"39,394"
28037,"38,370"
28039,"51,185"
28041,"44,337"
28043,"38,827"
28045,"45,535"
28047,"46,709"
28049,"44,076"
28051,"24,783"
28053,"26,489"
28055,"28,075"
28057,"45,718"
28059,"49,699"
28061,"35,916"
28063,"27,925"
28065,"28,043"
28067,"39,459"
28069,"32,026"
28071,"47,899"
28073,"57,125"
28075,"43,538"
28077,"38,446"
28079,"36,031"
28081,"51,559"
28083,"25,569"
28085,"40,898"
28087,"42,277"
28089,"69,820"
28091,"28,967"
28093,"38,498"
28095,"40,371"
28097,"36,182"
28099,"38,728"
28101,"39,898"
28103,"30,130"
28105,"39,387"
28107,"35,927"
28109,"47,757"
28111,"38,997"
28113,"32,525"
28115,"45,396"
28117,"36,654"
28119,"26,740"
28121,"65,504"
28123,"37,201"
28125,"28,842"
28127,"38,385"
28129,"42,517"
28131,"44,159"
28133,"29,704"
28135,"30,998"
28137,"47,296"
28139,"39,695"
28141,"35,031"
28143,"31,492"
28145,"46,979"
28147,"32,078"
28149,"44,227"
28151,"30,865"
28153,"36,339"
28155,"39,479"
28157,"27,962"
28159,"36,305"
28161,"36,834"
28163,"33,051"
29001,"38,784"
29003,"60,759"
29005,"49,469"
29007,"44,212"
29009,"40,765"
29011,"41,796"
29013,"45,392"
29015,"39,588"
29017,"43,611"
29019,"52,179"
29021,"46,516"
29023,"39,642"
29025,"44,252"
29027,"53,317"
29029,"51,489"
29031,"51,955"
29033,"45,404"
29035,"33,793"
29037,"65,839"
29039,"37,958"
29041,"44,587"
29043,"58,931"
29045,"43,130"
29047,"67,666"
29049,"57,807"
29051,"55,315"
29053,"48,851"
29055,"39,306"
29057,"39,127"
29059,"38,685"
29061,"45,342"
29063,"48,060"
29065,"35,445"
29067,"34,265"
29069,"33,721"
29071,"55,937"
29073,"48,711"
29075,"43,182"
29077,"45,608"
29079,"40,305"
29081,"40,139"
29083,"43,615"
29085,"35,170"
29087,"46,560"
29089,"45,858"
29091,"35,483"
29093,"35,682"
29095,"52,585"
29097,"46,611"
29099,"62,334"
29101,"54,417"
29103,"36,866"
29105,"45,267"
29107,"51,745"
29109,"42,856"
29111,"46,517"
29113,"67,986"
29115,"42,331"
29117,"45,448"
29119,"38,468"
29121,"40,037"
29123,"38,206"
29125,"44,366"
29127,"45,064"
29129,"42,048"
29131,"42,042"
29133,"34,185"
29135,"49,452"
29137,"42,299"
29139,"47,044"
29141,"41,908"
29143,"38,542"
29145,"49,161"
29147,"44,273"
29149,"31,714"
29151,"57,694"
29153,"33,284"
29155,"32,224"
29157,"52,132"
29159,"44,867"
29161,"41,330"
29163,"44,040"
29165,"75,651"
29167,"44,214"
29169,"53,168"
29171,"38,024"
29173,"53,965"
29175,"47,327"
29177,"61,592"
29179,"34,424"
29181,"32,331"
29183,"81,827"
29185,"35,230"
29186,"58,797"
29187,"41,708"
29189,"64,926"
29195,"43,235"
29197,"32,860"
29199,"40,900"
29201,"42,581"
29203,"29,152"
29205,"42,444"
29207,"41,824"
29209,"44,384"
29211,"40,517"
29213,"43,110"
29215,"33,457"
29217,"41,284"
29219,"59,723"
29221,"37,318"
29223,"33,390"
29225,"46,039"
29227,"41,017"
29229,"33,191"
29510,"40,876"
30001,"55,842"
30003,"41,957"
30005,"37,653"
30007,"54,523"
30009,"52,726"
30011,"44,774"
30013,"47,882"
30015,"42,598"
30017,"47,675"
30019,"47,032"
30021,"54,210"
30023,"44,295"
30025,"60,495"
30027,"49,892"
30029,"57,389"
30031,"61,446"
30033,"43,753"
30035,"38,345"
30037,"35,850"
30039,"44,834"
30041,"48,470"
30043,"66,813"
30045,"43,748"
30047,"42,265"
30049,"59,819"
30051,"41,798"
30053,"38,257"
30055,"44,001"
30057,"50,248"
30059,"43,001"
30061,"42,452"
30063,"53,141"
30065,"42,255"
30067,"49,550"
30069,"43,669"
30071,"44,168"
30073,"42,175"
30075,"49,446"
30077,"45,418"
30079,"43,238"
30081,"49,997"
30083,"63,343"
30085,"42,379"
30087,"54,998"
30089,"40,582"
30091,"49,862"
30093,"44,762"
30095,"63,140"
30097,"52,303"
30099,"47,750"
30101,"46,896"
30103,"50,432"
30105,"47,676"
30107,"36,771"
30109,"48,092"
30111,"58,031"
31001,"53,321"
31003,"46,560"
31005,"44,109"
31007,"53,040"
31009,"44,016"
31011,"55,493"
31013,"58,728"
31015,"43,189"
31017,"46,768"
31019,"58,800"
31021,"52,879"
31023,"52,033"
31025,"71,166"
31027,"61,159"
31029,"57,965"
31031,"46,894"
31033,"59,971"
31035,"51,775"
31037,"61,176"
31039,"55,465"
31041,"50,627"
31043,"52,055"
31045,"43,627"
31047,"46,395"
31049,"47,584"
31051,"54,941"
31053,"53,152"
31055,"61,706"
31057,"45,680"
31059,"57,539"
31061,"47,002"
31063,"49,455"
31065,"50,675"
31067,"53,305"
31069,"39,446"
31071,"43,478"
31073,"54,787"
31075,"52,665"
31077,"45,037"
31079,"54,546"
31081,"68,296"
31083,"47,829"
31085,"45,136"
31087,"42,567"
31089,"50,370"
31091,"47,327"
31093,"54,671"
31095,"48,930"
31097,"48,518"
31099,"62,499"
31101,"47,598"
31103,"45,688"
31105,"46,571"
31107,"46,163"
31109,"59,681"
31111,"55,934"
31113,"48,579"
31115,"46,875"
31117,"49,875"
31119,"51,184"
31121,"59,984"
31123,"44,062"
31125,"48,972"
31127,"52,229"
31129,"43,712"
31131,"60,469"
31133,"42,962"
31135,"55,033"
31137,"60,695"
31139,"58,375"
31141,"57,693"
31143,"61,422"
31145,"49,447"
31147,"48,087"
31149,"48,373"
31151,"53,662"
31153,"80,842"
31155,"63,849"
31157,"48,662"
31159,"68,762"
31161,"41,247"
31163,"55,432"
31165,"50,910"
31167,"58,295"
31169,"51,757"
31171,"46,927"
31173,"45,328"
31175,"44,907"
31177,"72,385"
31179,"54,548"
31181,"45,768"
31183,"55,906"
31185,"55,950"
32001,"53,302"
32003,"57,217"
32005,"66,092"
32007,"76,439"
32009,"47,053"
32011,"67,976"
32013,"68,753"
32015,"75,943"
32017,"54,844"
32019,"54,588"
32021,"45,589"
32023,"48,513"
32027,"57,885"
32029,"61,751"
32031,"61,506"
32033,"53,765"
32510,"55,228"
33001,"63,902"
33003,"58,005"
33005,"60,844"
33007,"43,836"
33009,"63,322"
33011,"78,171"
33013,"70,408"
33015,"89,049"
33017,"68,864"
33019,"59,493"
34001,"59,309"
34003,"93,805"
34005,"86,777"
34007,"65,817"
34009,"64,450"
34011,"51,786"
34013,"60,284"
34015,"84,639"
34017,"65,673"
34019,"113,083"
34021,"78,161"
34023,"85,187"
34025,"97,627"
34027,"114,269"
34029,"70,493"
34031,"63,127"
34033,"61,322"
34035,"111,838"
34037,"89,744"
34039,"76,830"
34041,"79,633"
35001,"51,091"
35003,"34,458"
35005,"43,341"
35006,"37,753"
35007,"39,372"
35009,"43,590"
35011,"33,095"
35013,"38,562"
35015,"52,932"
35017,"40,684"
35019,"31,915"
35021,"35,441"
35023,"33,557"
35025,"52,358"
35027,"47,141"
35028,"118,380"
35029,"30,621"
35031,"31,746"
35033,"33,671"
35035,"43,338"
35037,"29,600"
35039,"36,977"
35041,"37,767"
35043,"56,937"
35045,"46,977"
35047,"33,205"
35049,"58,639"
35051,"30,356"
35053,"34,880"
35055,"34,980"
35057,"36,886"
35059,"38,627"
35061,"46,155"
36001,"65,659"
36003,"46,491"
36005,"37,377"
36007,"47,910"
36009,"47,875"
36011,"55,460"
36013,"45,840"
36015,"50,562"
36017,"48,161"
36019,"56,436"
36021,"60,629"
36023,"52,038"
36025,"45,385"
36027,"76,955"
36029,"55,581"
36031,"52,741"
36033,"50,187"
36035,"46,984"
36037,"55,522"
36039,"54,635"
36041,"51,520"
36043,"46,733"
36045,"47,436"
36047,"56,548"
36049,"51,857"
36051,"56,407"
36053,"56,477"
36055,"57,660"
36057,"46,601"
36059,"107,465"
36061,"84,133"
36063,"54,317"
36065,"53,234"
36067,"57,641"
36069,"65,271"
36071,"77,606"
36073,"48,799"
36075,"52,732"
36077,"51,561"
36079,"98,765"
36081,"64,046"
36083,"63,457"
36085,"78,466"
36087,"87,873"
36089,"49,607"
36091,"82,732"
36093,"61,841"
36095,"51,007"
36097,"48,782"
36099,"54,563"
36101,"50,807"
36103,"94,108"
36105,"52,504"
36107,"57,190"
36109,"56,539"
36111,"62,531"
36113,"58,859"
36115,"53,609"
36117,"52,709"
36119,"90,483"
36121,"53,986"
36123,"49,198"
37001,"47,914"
37003,"48,577"
37005,"38,994"
37007,"41,266"
37009,"40,611"
37011,"40,682"
37013,"43,497"
37015,"33,022"
37017,"38,059"
37019,"56,227"
37021,"50,271"
37023,"42,179"
37025,"62,167"
37027,"44,798"
37029,"64,086"
37031,"53,192"
37033,"44,998"
37035,"53,348"
37037,"63,373"
37039,"38,283"
37041,"43,182"
37043,"43,684"
37045,"39,911"
37047,"37,639"
37049,"51,390"
37051,"44,065"
37053,"62,397"
37055,"57,316"
37057,"47,595"
37059,"58,147"
37061,"39,470"
37063,"60,045"
37065,"35,130"
37067,"50,803"
37069,"53,076"
37071,"50,016"
37073,"50,164"
37075,"37,748"
37077,"53,142"
37079,"40,131"
37081,"52,284"
37083,"34,027"
37085,"51,406"
37087,"47,872"
37089,"51,314"
37091,"38,786"
37093,"50,777"
37095,"41,214"
37097,"56,559"
37099,"46,113"
37101,"58,647"
37103,"41,523"
37105,"53,297"
37107,"39,411"
37109,"57,042"
37111,"42,853"
37113,"42,456"
37115,"41,891"
37117,"37,225"
37119,"65,750"
37121,"40,589"
37123,"43,695"
37125,"62,781"
37127,"47,597"
37129,"53,692"
37131,"36,190"
37133,"49,634"
37135,"69,422"
37137,"48,410"
37139,"46,709"
37141,"52,187"
37143,"45,011"
37145,"50,269"
37147,"46,229"
37149,"45,587"
37151,"44,207"
37153,"36,401"
37155,"33,714"
37157,"46,247"
37159,"47,541"
37161,"40,758"
37163,"41,951"
37165,"37,947"
37167,"49,871"
37169,"48,748"
37171,"43,023"
37173,"41,407"
37175,"47,587"
37177,"35,223"
37179,"77,875"
37181,"39,847"
37183,"77,641"
37185,"36,831"
37187,"36,171"
37189,"48,417"
37191,"44,592"
37193,"42,453"
37195,"44,825"
37197,"46,885"
37199,"41,053"
38001,"50,847"
38003,"56,696"
38005,"41,941"
38007,"74,312"
38009,"55,775"
38011,"59,451"
38013,"62,629"
38015,"70,075"
38017,"64,428"
38019,"59,794"
38021,"53,564"
38023,"55,867"
38025,"67,337"
38027,"49,725"
38029,"46,681"
38031,"58,752"
38033,"63,054"
38035,"50,933"
38037,"48,189"
38039,"51,823"
38041,"51,827"
38043,"46,708"
38045,"57,808"
38047,"46,948"
38049,"53,060"
38051,"43,804"
38053,"75,408"
38055,"61,121"
38057,"82,991"
38059,"63,279"
38061,"64,247"
38063,"47,708"
38065,"68,151"
38067,"56,164"
38069,"48,380"
38071,"56,464"
38073,"62,465"
38075,"60,178"
38077,"61,361"
38079,"40,777"
38081,"62,940"
38083,"40,786"
38085,"34,705"
38087,"55,326"
38089,"66,925"
38091,"66,210"
38093,"57,265"
38095,"51,382"
38097,"63,204"
38099,"50,807"
38101,"62,932"
38103,"54,556"
38105,"80,161"
39001,"41,644"
39003,"51,325"
39005,"51,103"
39007,"45,157"
39009,"42,955"
39011,"63,336"
39013,"52,221"
39015,"48,207"
39017,"64,026"
39019,"51,296"
39021,"54,335"
39023,"47,654"
39025,"66,193"
39027,"50,794"
39029,"43,123"
39031,"44,471"
39033,"45,395"
39035,"46,918"
39037,"53,954"
39039,"59,538"
39041,"107,676"
39043,"54,849"
39045,"67,276"
39047,"46,067"
39049,"59,214"
39051,"59,214"
39053,"43,149"
39055,"82,744"
39057,"68,040"
39059,"43,733"
39061,"55,178"
39063,"54,386"
39065,"47,185"
39067,"48,160"
39069,"57,678"
39071,"43,840"
39073,"48,397"
39075,"61,593"
39077,"48,244"
39079,"44,671"
39081,"43,520"
39083,"52,061"
39085,"60,521"
39087,"43,108"
39089,"62,658"
39091,"54,782"
39093,"55,443"
39095,"47,562"
39097,"69,937"
39099,"43,904"
39101,"46,450"
39103,"72,926"
39105,"42,200"
39107,"60,055"
39109,"60,800"
39111,"44,868"
39113,"48,039"
39115,"41,375"
39117,"55,466"
39119,"44,884"
39121,"44,835"
39123,"55,968"
39125,"52,534"
39127,"51,702"
39129,"62,445"
39131,"43,499"
39133,"59,490"
39135,"52,300"
39137,"62,944"
39139,"47,141"
39141,"50,387"
39143,"53,058"
39145,"41,843"
39147,"47,805"
39149,"60,148"
39151,"51,214"
39153,"55,531"
39155,"46,340"
39157,"51,408"
39159,"86,609"
39161,"49,120"
39163,"40,927"
39165,"85,532"
39167,"46,417"
39169,"56,172"
39171,"50,347"
39173,"61,774"
39175,"47,527"
40001,"33,187"
40003,"52,017"
40005,"38,595"
40007,"53,242"
40009,"49,784"
40011,"46,253"
40013,"41,563"
40015,"41,085"
40017,"73,878"
40019,"45,755"
40021,"40,051"
40023,"30,501"
40025,"40,370"
40027,"61,364"
40029,"37,874"
40031,"50,530"
40033,"42,518"
40035,"39,320"
40037,"47,397"
40039,"47,244"
40041,"37,173"
40043,"48,939"
40045,"48,001"
40047,"49,116"
40049,"41,990"
40051,"54,887"
40053,"45,025"
40055,"34,254"
40057,"35,144"
40059,"50,101"
40061,"36,551"
40063,"35,875"
40065,"44,733"
40067,"36,169"
40069,"40,129"
40071,"45,447"
40073,"61,728"
40075,"36,003"
40077,"37,358"
40079,"38,576"
40081,"47,011"
40083,"60,628"
40085,"48,312"
40087,"63,787"
40089,"32,092"
40091,"37,210"
40093,"49,929"
40095,"45,133"
40097,"45,343"
40099,"46,602"
40101,"38,692"
40103,"57,383"
40105,"41,183"
40107,"37,551"
40109,"51,389"
40111,"42,811"
40113,"47,084"
40115,"38,168"
40117,"46,570"
40119,"40,237"
40121,"44,194"
40123,"44,913"
40125,"48,103"
40127,"35,695"
40129,"51,695"
40131,"61,731"
40133,"36,780"
40135,"37,755"
40137,"47,637"
40139,"48,412"
40141,"39,581"
40143,"52,579"
40145,"59,466"
40147,"51,691"
40149,"44,970"
40151,"49,979"
40153,"52,345"
41001,"43,929"
41003,"60,572"
41005,"79,404"
41007,"52,706"
41009,"61,453"
41011,"42,464"
41013,"47,940"
41015,"40,580"
41017,"65,506"
41019,"47,157"
41021,"53,792"
41023,"46,329"
41025,"42,883"
41027,"63,951"
41029,"51,364"
41031,"49,616"
41033,"43,492"
41035,"41,875"
41037,"43,627"
41039,"50,711"
41041,"45,435"
41043,"51,888"
41045,"41,786"
41047,"56,148"
41049,"51,673"
41051,"63,587"
41053,"56,917"
41055,"56,096"
41057,"48,470"
41059,"51,586"
41061,"46,753"
41063,"47,822"
41065,"49,735"
41067,"80,845"
41069,"40,047"
41071,"62,759"
42001,"62,997"
42003,"58,547"
42005,"46,227"
42007,"54,739"
42009,"47,760"
42011,"61,022"
42013,"46,072"
42015,"47,457"
42017,"84,784"
42019,"68,709"
42021,"46,007"
42023,"41,335"
42025,"51,395"
42027,"56,366"
42029,"96,803"
42031,"45,657"
42033,"47,818"
42035,"45,036"
42037,"51,302"
42039,"49,044"
42041,"69,222"
42043,"61,229"
42045,"73,637"
42047,"51,711"
42049,"50,419"
42051,"42,892"
42053,"40,564"
42055,"60,077"
42057,"50,716"
42059,"48,590"
42061,"49,655"
42063,"46,084"
42065,"43,911"
42067,"48,334"
42069,"49,082"
42071,"63,402"
42073,"48,666"
42075,"57,389"
42077,"60,706"
42079,"50,982"
42081,"50,292"
42083,"45,031"
42085,"46,851"
42087,"50,449"
42089,"61,296"
42091,"87,338"
42093,"62,595"
42095,"65,872"
42097,"45,352"
42099,"61,225"
42101,"40,193"
42103,"67,317"
42105,"41,309"
42107,"49,360"
42109,"54,336"
42111,"47,950"
42113,"43,800"
42115,"50,612"
42117,"47,500"
42119,"58,310"
42121,"47,593"
42123,"49,788"
42125,"60,332"
42127,"49,985"
42129,"60,308"
42131,"55,820"
42133,"63,493"
44001,"72,614"
44003,"72,765"
44005,"77,186"
44007,"55,848"
44009,"78,599"
45001,"41,118"
45003,"51,583"
45005,"28,135"
45007,"48,846"
45009,"32,693"
45011,"36,568"
45013,"60,319"
45015,"57,399"
45017,"45,149"
45019,"60,144"
45021,"34,962"
45023,"40,850"
45025,"38,881"
45027,"36,647"
45029,"36,139"
45031,"38,886"
45033,"32,229"
45035,"63,269"
45037,"48,059"
45039,"40,285"
45041,"43,727"
45043,"48,373"
45045,"56,311"
45047,"42,740"
45049,"36,834"
45051,"45,979"
45053,"40,960"
45055,"50,627"
45057,"57,667"
45059,"41,695"
45061,"33,756"
45063,"60,329"
45065,"44,644"
45067,"31,438"
45069,"33,412"
45071,"42,538"
45073,"51,087"
45075,"36,358"
45077,"48,133"
45079,"52,187"
45081,"44,487"
45083,"51,035"
45085,"44,375"
45087,"41,327"
45089,"32,421"
45091,"62,620"
46003,"49,406"
46005,"45,878"
46007,"35,529"
46009,"48,110"
46011,"56,947"
46013,"55,572"
46015,"50,165"
46017,"22,679"
46019,"44,135"
46021,"49,459"
46023,"42,196"
46025,"48,207"
46027,"44,943"
46029,"56,913"
46031,"30,446"
46033,"56,894"
46035,"52,171"
46037,"48,656"
46039,"55,326"
46041,"37,621"
46043,"50,666"
46045,"56,083"
46047,"45,273"
46049,"47,700"
46051,"58,575"
46053,"38,420"
46055,"46,694"
46057,"61,935"
46059,"51,252"
46061,"62,790"
46063,"53,035"
46065,"63,049"
46067,"53,170"
46069,"50,134"
46071,"32,023"
46073,"45,021"
46075,"41,679"
46077,"54,274"
46079,"59,743"
46081,"52,141"
46083,"89,458"
46085,"43,798"
46087,"58,271"
46089,"40,867"
46091,"58,651"
46093,"59,563"
46095,"32,358"
46097,"51,405"
46099,"61,182"
46101,"57,740"
46102,"34,411"
46103,"55,104"
46105,"46,997"
46107,"53,386"
46109,"44,020"
46111,"48,923"
46115,"50,965"
46117,"66,343"
46119,"55,421"
46121,"29,046"
46123,"42,724"
46125,"56,203"
46127,"82,100"
46129,"46,550"
46135,"55,907"
46137,"29,985"
47001,"48,679"
47003,"50,904"
47005,"36,034"
47007,"38,261"
47009,"51,391"
47011,"48,663"
47013,"40,866"
47015,"51,795"
47017,"41,492"
47019,"39,725"
47021,"59,103"
47023,"45,261"
47025,"37,886"
47027,"34,035"
47029,"35,788"
47031,"48,188"
47033,"40,480"
47035,"45,118"
47037,"58,264"
47039,"38,988"
47041,"42,080"
47043,"49,518"
47045,"44,549"
47047,"60,112"
47049,"32,895"
47051,"49,596"
47053,"42,859"
47055,"47,838"
47057,"43,190"
47059,"40,145"
47061,"34,454"
47063,"44,181"
47065,"52,096"
47067,"29,689"
47069,"38,426"
47071,"39,318"
47073,"41,397"
47075,"34,556"
47077,"43,806"
47079,"41,756"
47081,"42,824"
47083,"42,018"
47085,"45,866"
47087,"36,815"
47089,"45,556"
47091,"36,331"
47093,"55,299"
47095,"31,144"
47097,"38,718"
47099,"41,505"
47101,"37,959"
47103,"49,295"
47105,"57,641"
47107,"39,860"
47109,"39,407"
47111,"41,266"
47113,"46,424"
47115,"47,331"
47117,"52,415"
47119,"56,999"
47121,"45,695"
47123,"43,749"
47125,"57,431"
47127,"55,448"
47129,"40,667"
47131,"38,160"
47133,"37,154"
47135,"37,135"
47137,"39,858"
47139,"41,191"
47141,"42,437"
47143,"43,426"
47145,"48,391"
47147,"59,771"
47149,"68,082"
47151,"34,828"
47153,"45,100"
47155,"48,482"
47157,"49,563"
47159,"47,653"
47161,"48,175"
47163,"45,224"
47165,"65,174"
47167,"56,511"
47169,"49,711"
47171,"41,188"
47173,"40,357"
47175,"38,478"
47177,"37,692"
47179,"43,194"
47181,"36,612"
47183,"39,424"
47185,"39,642"
47187,"111,427"
47189,"70,674"
48001,"42,412"
48003,"63,451"
48005,"45,318"
48007,"46,970"
48009,"58,311"
48011,"55,337"
48013,"48,636"
48015,"61,111"
48017,"42,045"
48019,"55,578"
48021,"62,992"
48023,"37,013"
48025,"41,392"
48027,"52,164"
48029,"54,163"
48031,"62,115"
48033,"59,039"
48035,"49,139"
48037,"49,153"
48039,"80,840"
48041,"46,083"
48043,"44,617"
48045,"42,678"
48047,"28,106"
48049,"41,538"
48051,"47,409"
48053,"59,009"
48055,"51,895"
48057,"55,240"
48059,"45,843"
48061,"36,624"
48063,"41,932"
48065,"60,668"
48067,"40,104"
48069,"41,746"
48071,"81,018"
48073,"47,147"
48075,"40,925"
48077,"53,438"
48079,"40,796"
48081,"42,314"
48083,"35,596"
48085,"95,394"
48087,"39,809"
48089,"49,100"
48091,"72,562"
48093,"46,161"
48095,"42,723"
48097,"57,382"
48099,"51,486"
48101,"36,201"
48103,"56,356"
48105,"44,991"
48107,"36,942"
48109,"37,825"
48111,"47,838"
48113,"56,732"
48115,"42,127"
48117,"42,698"
48119,"41,644"
48121,"86,462"
48123,"47,657"
48125,"38,702"
48127,"35,696"
48129,"41,867"
48131,"33,495"
48133,"39,620"
48135,"54,422"
48137,"35,164"
48139,"71,512"
48141,"44,120"
48143,"48,230"
48145,"35,988"
48147,"50,598"
48149,"56,320"
48151,"47,292"
48153,"41,390"
48155,"35,007"
48157,"91,661"
48159,"44,358"
48161,"47,616"
48163,"37,853"
48165,"52,138"
48167,"69,674"
48169,"46,587"
48171,"58,412"
48173,"78,088"
48175,"52,403"
48177,"45,052"
48179,"46,599"
48181,"54,431"
48183,"47,208"
48185,"48,023"
48187,"66,886"
48189,"43,570"
48191,"32,980"
48193,"44,230"
48195,"55,761"
48197,"39,022"
48199,"58,829"
48201,"58,664"
48203,"50,584"
48205,"69,000"
48207,"35,075"
48209,"66,525"
48211,"64,338"
48213,"44,500"
48215,"36,978"
48217,"47,162"
48219,"48,449"
48221,"64,687"
48223,"44,925"
48225,"37,723"
48227,"46,899"
48229,"39,683"
48231,"53,421"
48233,"53,465"
48235,"63,827"
48237,"47,824"
48239,"49,350"
48241,"43,368"
48243,"38,537"
48245,"47,852"
48247,"32,319"
48249,"40,681"
48251,"61,813"
48253,"44,132"
48255,"48,708"
48257,"65,942"
48259,"89,637"
48261,"38,031"
48263,"45,330"
48265,"49,748"
48267,"41,081"
48269,"56,346"
48271,"42,650"
48273,"41,257"
48275,"37,749"
48277,"47,212"
48279,"41,099"
48281,"55,759"
48283,"41,518"
48285,"51,191"
48287,"54,164"
48289,"43,189"
48291,"50,420"
48293,"41,434"
48295,"54,091"
48297,"50,430"
48299,"51,078"
48301,"65,203"
48303,"47,460"
48305,"44,567"
48307,"40,157"
48309,"47,306"
48311,"68,133"
48313,"42,058"
48315,"36,936"
48317,"59,907"
48319,"47,213"
48321,"46,801"
48323,"33,507"
48325,"56,173"
48327,"34,033"
48329,"76,307"
48331,"44,855"
48333,"42,463"
48335,"41,512"
48337,"47,590"
48339,"77,149"
48341,"51,444"
48343,"39,627"
48345,"36,782"
48347,"42,367"
48349,"41,944"
48351,"41,736"
48353,"42,662"
48355,"51,910"
48357,"58,962"
48359,"55,451"
48361,"57,257"
48363,"45,869"
48365,"48,971"
48367,"74,076"
48369,"48,189"
48371,"44,352"
48373,"44,596"
48375,"43,778"
48377,"29,761"
48379,"43,403"
48381,"63,077"
48383,"58,168"
48385,"36,146"
48387,"35,643"
48389,"40,694"
48391,"42,898"
48393,"67,688"
48395,"44,355"
48397,"98,442"
48399,"41,830"
48401,"49,872"
48403,"37,770"
48405,"39,133"
48407,"44,707"
48409,"50,752"
48411,"43,112"
48413,"45,821"
48415,"51,772"
48417,"61,155"
48419,"39,745"
48421,"49,349"
48423,"54,044"
48425,"62,803"
48427,"28,377"
48429,"41,977"
48431,"55,690"
48433,"43,702"
48435,"57,986"
48437,"41,264"
48439,"65,021"
48441,"50,338"
48443,"39,033"
48445,"40,899"
48447,"38,162"
48449,"47,097"
48451,"49,462"
48453,"72,785"
48455,"34,741"
48457,"43,394"
48459,"47,517"
48461,"56,448"
48463,"39,610"
48465,"41,441"
48467,"50,308"
48469,"52,161"
48471,"42,304"
48473,"55,224"
48475,"53,242"
48477,"51,276"
48479,"41,979"
48481,"46,194"
48483,"45,356"
48485,"44,593"
48487,"40,353"
48489,"30,392"
48491,"82,131"
48493,"70,829"
48495,"51,965"
48497,"60,675"
48499,"49,739"
48501,"58,363"
48503,"44,909"
48505,"32,172"
48507,"28,867"
49001,"51,187"
49003,"63,624"
49005,"55,036"
49007,"47,627"
49009,"55,521"
49011,"80,433"
49013,"60,569"
49015,"52,877"
49017,"50,945"
49019,"48,920"
49021,"48,168"
49023,"60,078"
49025,"49,982"
49027,"56,215"
49029,"96,201"
49031,"41,334"
49033,"58,807"
49035,"71,396"
49037,"43,962"
49039,"52,251"
49041,"52,668"
49043,"100,879"
49045,"72,198"
49047,"57,355"
49049,"70,461"
49051,"83,344"
49053,"55,518"
49055,"43,805"
49057,"62,937"
50001,"59,467"
50003,"52,770"
50005,"46,299"
50007,"65,851"
50009,"40,288"
50011,"60,670"
50013,"61,971"
50015,"56,965"
50017,"56,138"
50019,"44,070"
50021,"53,492"
50023,"62,203"
50025,"47,827"
50027,"58,403"
51001,"44,038"
51003,"77,591"
51005,"49,655"
51007,"54,979"
51009,"48,980"
51011,"50,148"
51013,"114,705"
51015,"58,368"
51017,"48,753"
51019,"65,172"
51021,"45,564"
51023,"70,388"
51025,"42,569"
51027,"32,993"
51029,"41,763"
51031,"50,849"
51033,"62,207"
51035,"42,262"
51036,"54,504"
51037,"40,864"
51041,"80,573"
51043,"76,359"
51045,"50,210"
51047,"69,318"
51049,"44,699"
51051,"33,383"
51053,"57,284"
51057,"50,112"
51059,"117,989"
51061,"96,835"
51063,"48,341"
51065,"71,863"
51067,"51,031"
51069,"72,139"
51071,"52,808"
51073,"63,902"
51075,"100,686"
51077,"37,247"
51079,"65,394"
51081,"47,097"
51083,"42,552"
51085,"89,723"
51087,"67,434"
51089,"41,206"
51091,"43,939"
51093,"70,842"
51095,"88,149"
51097,"51,055"
51099,"86,878"
51101,"69,806"
51103,"50,793"
51105,"32,152"
51107,"136,191"
51109,"60,641"
51111,"36,591"
51113,"58,680"
51115,"59,296"
51117,"42,275"
51119,"51,534"
51121,"54,297"
51125,"53,965"
51127,"89,682"
51131,"41,160"
51133,"53,381"
51135,"40,911"
51137,"62,707"
51139,"45,691"
51141,"40,421"
51143,"47,411"
51145,"87,756"
51147,"43,761"
51149,"68,884"
51153,"100,431"
51155,"48,743"
51157,"68,166"
51159,"48,355"
51161,"65,171"
51163,"53,606"
51165,"59,492"
51167,"39,219"
51169,"39,640"
51171,"56,733"
51173,"42,008"
51175,"49,512"
51177,"85,743"
51179,"111,184"
51181,"49,064"
51183,"41,594"
51185,"38,855"
51187,"63,785"
51191,"49,866"
51193,"50,046"
51195,"37,460"
51197,"46,795"
51199,"85,292"
51510,"99,959"
51520,"38,232"
51530,"42,924"
51540,"54,034"
51550,"75,529"
51570,"53,769"
51580,"38,000"
51590,"33,626"
51595,"35,770"
51600,"99,662"
51610,"123,923"
51620,"37,117"
51630,"56,580"
51640,"33,391"
51650,"52,894"
51660,"44,688"
51670,"40,209"
51678,"47,749"
51680,"44,122"
51683,"75,621"
51685,"80,482"
51690,"34,463"
51700,"49,635"
51710,"48,218"
51720,"33,442"
51730,"36,038"
51735,"99,089"
51740,"48,532"
51750,"40,941"
51760,"46,073"
51770,"43,135"
51775,"54,989"
51790,"51,551"
51800,"68,961"
51810,"72,126"
51820,"44,008"
51830,"53,737"
51840,"49,588"
53001,"48,056"
53003,"50,777"
53005,"64,717"
53007,"57,284"
53009,"49,070"
53011,"74,243"
53013,"50,322"
53015,"50,617"
53017,"54,580"
53019,"43,665"
53021,"61,285"
53023,"52,682"
53025,"55,807"
53027,"47,619"
53029,"63,529"
53031,"53,364"
53033,"89,519"
53035,"72,795"
53037,"56,393"
53039,"55,282"
53041,"50,086"
53043,"53,504"
53045,"55,030"
53047,"44,819"
53049,"45,526"
53051,"48,574"
53053,"69,027"
53055,"59,538"
53057,"65,505"
53059,"59,639"
53061,"82,405"
53063,"53,438"
53065,"52,136"
53067,"71,370"
53069,"53,694"
53071,"54,243"
53073,"61,026"
53075,"44,913"
53077,"47,573"
54001,"37,255"
54003,"59,071"
54005,"38,584"
54007,"37,762"
54009,"50,775"
54011,"38,191"
54013,"33,527"
54015,"34,321"
54017,"44,370"
54019,"38,063"
54021,"35,429"
54023,"41,040"
54025,"37,902"
54027,"47,606"
54029,"44,623"
54031,"44,263"
54033,"51,711"
54035,"45,199"
54037,"70,203"
54039,"43,598"
54041,"41,908"
54043,"36,055"
54045,"34,925"
54047,"26,491"
54049,"46,514"
54051,"41,471"
54053,"40,314"
54055,"36,160"
54057,"45,144"
54059,"30,880"
54061,"50,621"
54063,"44,230"
54065,"44,448"
54067,"37,358"
54069,"47,818"
54071,"41,281"
54073,"47,118"
54075,"35,367"
54077,"45,215"
54079,"59,815"
54081,"41,286"
54083,"37,208"
54085,"40,636"
54087,"37,067"
54089,"32,375"
54091,"45,400"
54093,"39,539"
54095,"43,951"
54097,"37,896"
54099,"39,355"
54101,"31,446"
54103,"41,882"
54105,"42,330"
54107,"44,742"
54109,"34,603"
55001,"44,767"
55003,"43,784"
55005,"50,940"
55007,"51,120"
55009,"61,240"
55011,"55,297"
55013,"47,727"
55015,"72,309"
55017,"56,678"
55019,"49,718"
55021,"65,931"
55023,"47,341"
55025,"72,385"
55027,"57,862"
55029,"59,956"
55031,"53,091"
55033,"58,902"
55035,"55,418"
55037,"50,284"
55039,"61,591"
55041,"46,137"
55043,"51,157"
55045,"62,456"
55047,"52,917"
55049,"63,476"
55051,"41,251"
55053,"51,131"
55055,"58,759"
55057,"50,931"
55059,"61,312"
55061,"62,107"
55063,"57,145"
55065,"55,586"
55067,"46,910"
55069,"55,564"
55071,"55,741"
55073,"59,302"
55075,"47,449"
55077,"46,901"
55078,"36,936"
55079,"47,795"
55081,"55,690"
55083,"57,860"
55085,"56,170"
55087,"65,945"
55089,"85,098"
55091,"51,544"
55093,"69,271"
55095,"55,180"
55097,"53,883"
55099,"47,302"
55101,"61,118"
55103,"49,092"
55105,"55,905"
55107,"44,780"
55109,"82,253"
55111,"58,372"
55113,"47,183"
55115,"55,546"
55117,"59,231"
55119,"51,038"
55121,"56,051"
55123,"44,444"
55125,"44,740"
55127,"60,675"
55129,"48,139"
55131,"76,551"
55133,"82,627"
55135,"58,474"
55137,"47,653"
55139,"57,529"
55141,"53,346"
56001,"44,745"
56003,"50,380"
56005,"78,240"
56007,"60,634"
56009,"65,469"
56011,"61,664"
56013,"50,134"
56015,"51,023"
56017,"47,775"
56019,"55,412"
56021,"61,658"
56023,"65,137"
56025,"61,049"
56027,"45,768"
56029,"57,619"
56031,"50,775"
56033,"54,482"
56035,"74,811"
56037,"75,590"
56039,"90,145"
56041,"67,404"
56043,"57,989"
56045,"56,214"
